<?xml version="1.0"?>
<album QPhotoXMLVersion="1.0b4" name="Changes" date="2010-08-16T13:12:36Z" author="© 2010 Apple Inc. All Rights Reserved." authorURL="http://developer.apple.com">
  <photo name="Thumbnail Change" date="2010-08-16T10:46:33Z" id="13955766067916300168">
    <image kind="image" srcURL="images/IMG_0125.JPG"></image>
    <imimage" srcURL="images/IMG_0133.JPG"></image>
    <image kind="thumbnail" srcURL="thumbnails/IMG_0133.jpg"></image>
  </photo>
  <photo name="Name Will Change" date="2010-08-16T10:51:23Z" id="7294271919726091079">
    <image kind="image" srcURL="images/IMG_0139.jpg"></image>
    <image kind="thumbnail" srcURL="thumbnails/IMG_0139.jpg"></image>
  </photo>
</album>
