<?xml version="1.0"?>
<album QPhotoXMLVersion="1.0b4" name="Changes" date="2010-08-16T13:12:36Z" author="© 2010 Apple Inc. All Rights Reserved." authorURL="http://developer.apple.com">
  <photo name="Thumbnail Not Found" date="2010-08-16T10:46:33Z" id="13955766067916300168">
    <image kind="image" srcURL="images/IMG_0125.JPG"></image>
    <image kind="thumbnail" srcURL="thumbnails/IMG_0125xxx.jpg"></image>
  </photo>
  <photo name="Photo Not Found" date="2010-08-16T10:46:34Z" id="139557660679163001681">
    <image kind="image" srcURL="images/IMG_0125xxx.JPG"></image>
    <image kind="thumbnail" srcURL="thumbnails/IMG_0125.jpg"></image>
  </photo>
  <photo name="Thumbnail Bad Type" date="2010-08-16T10:46:35Z" id="139557660679163001682">
    <image kind="image" srcURL="images/IMG_0125.JPG"></image>
    <image kind="thumbnail" srcURL="thumbnails/IMG_0125.gif"></image>
  </photo>
  <photo name="Photo Bad Type" date="2010-08-16T10:46:36Z" id="139557660679163001683">
    <image kind="image" srcURL="images/IMG_0125.gif"></image>
    <image kind="thumbnail" srcURL="thumbnails/IMG_0125.jpg"></image>
  </photo>
  <photo name="Thumbnail Bad Image" date="2010-08-16T10:46:37Z" id="139557660679163001684">
    <image kind="image" srcURL="images/IMG_0125.JPG"></image>
    <image kind="thumbnail" srcURL="thumbnails/IMG_0125b.JPG"></image>
  </photo>
  <photo name="Photo Bad Image" date="2010-08-16T10:46:38Z" id="139557660679163001685">
    <image kind="image" srcURL="images/IMG_0125b.JPG"></image>
    <image kind="thumbnail" srcURL="thumbnails/IMG_0125.jpg"></image>
  </photo>
</album>
