<?xml version="1.0"?>
<album QPhotoXMLVersion="1.0b4" name="Changes" date="2010-08-16T13:12:36Z" author="© 2010 Apple Inc. All Rights Reserved." authorURL="http://developer.apple.com">
  <photo name="Image Change" date="2010-08-16T10:46:33Z" id="13955766067916300168">
    <image kind="image" srcURL="images/IMG_0125u.JPG"></image>
    <image kind="thumbnail" srcURL="thumbnails/IMG_0125u.jpg"></image>
  </photo>
  <photo name="Date Change" date="2010-08-16T10:59:59Z" id="16245101894383175045">
    <image kind="image" srcURL="images/IMG_0127.jpg"></image>
    <image kind="thumbnail" srcURL="thumbnails/IMG_0127.jpg"></image>
  </photo>
  <photo name="Name Did Change To Something Long" date="2010-08-16T10:51:23Z" id="7294271919726091079">
    <image kind="image" srcURL="images/IMG_0139.jpg"></image>
    <image kind="thumbnail" srcURL="thumbnails/IMG_0139.jpg"></image>
  </photo>
  <photo name="Gets Added" date="2010-08-16T10:57:37Z" id="252959746825898354">
    <image kind="image" srcURL="images/IMG_0152.JPG"></image>
    <image kind="thumbnail" srcURL="thumbnails/IMG_0152.jpg"></image>
  </photo>
  <photo name="Gets Added" date="2010-08-16T11:12:46Z" id="5442339131697131899">
    <image kind="image" srcURL="images/IMG_0156.jpg"></image>
    <image kind="thumbnail" srcURL="thumbnails/IMG_0156.jpg"></image>
  </photo>
</album>
