<?xml version="1.0"?>
<?xml-stylesheet type="text/xsl" href="gallery.xslt"?>
<album QPhotoXMLVersion="1.0b4" name="Botanic Gardens" date="2010-08-16T13:12:36Z" author="© 2010 Apple Inc. All Rights Reserved." authorURL="http://developer.apple.com">
  <albumComment>
    <p>The Glasgow Botanic Gardens moved to its current site in Kelvinside in 1842. This gallery shows just a few of its many attractions.</p>
  </albumComment>
  <photo name="Kibble Palace" date="2010-08-16T10:46:33Z" id="13955766067916300168">
    <comment>
      <p>Originally built as a conservatory for a private home, Kibble Palace was moved to the Botanic Gardens in 1872. After 130 years of sterling service, it was beautifully restored over a three year period between 2003 and 2006.</p>
    </comment>
    <image kind="original" src="originals/IMG_0125s.JPG" srcURL="originals/IMG_0125s.JPG" srcname="IMG_0125s.JPG" size="899231" sizeText="0.9 MB" type="image"></image>
    <image kind="image" src="images/IMG_0125s.JPG" srcURL="images/IMG_0125s.JPG" srcname="IMG_0125s.JPG" size="899231" sizeText="0.9 MB" type="image" width="2048" height="1536"></image>
    <image kind="thumbnail" src="thumbnails/IMG_0125s.jpg" srcURL="thumbnails/IMG_0125s.jpg" srcname="IMG_0125s.jpg" size="17851" sizeText="17.4 KB" type="image" width="300" height="225"></image>
  </photo>
  <photo name="Sundial" date="2010-08-16T10:47:30Z" id="16245101894383175045">
    <image kind="original" src="originals/IMG_0127.JPG" srcURL="originals/IMG_0127.JPG" srcname="IMG_0127.JPG" size="1286179" sizeText="1.2 MB" type="image"></image>
    <image kind="image" src="images/IMG_0127.jpg" srcURL="images/IMG_0127.jpg" srcname="IMG_0127.jpg" size="1345909" sizeText="1.3 MB" type="image" width="1536" height="2048"></image>
    <image kind="thumbnail" src="thumbnails/IMG_0127.jpg" srcURL="thumbnails/IMG_0127.jpg" srcname="IMG_0127.jpg" size="27228" sizeText="26.6 KB" type="image" width="225" height="300"></image>
  </photo>
  <photo name="Flower Beds" date="2010-08-16T10:48:15Z" id="3320466108841760573">
    <image kind="original" src="originals/IMG_0130.JPG" srcURL="originals/IMG_0130.JPG" srcname="IMG_0130.JPG" size="1587108" sizeText="1.5 MB" type="image"></image>
    <image kind="image" src="images/IMG_0130.JPG" srcURL="images/IMG_0130.JPG" srcname="IMG_0130.JPG" size="1587108" sizeText="1.5 MB" type="image" width="2048" height="1536"></image>
    <image kind="thumbnail" src="thumbnails/IMG_0130.jpg" srcURL="thumbnails/IMG_0130.jpg" srcname="IMG_0130.jpg" size="34807" sizeText="34 KB" type="image" width="300" height="225"></image>
  </photo>
  <photo name="Gate House" date="2010-08-16T10:49:54Z" id="3603534702205544874">
    <image kind="original" src="originals/IMG_0133.JPG" srcURL="originals/IMG_0133.JPG" srcname="IMG_0133.JPG" size="1217139" sizeText="1.2 MB" type="image"></image>
    <image kind="image" src="images/IMG_0133.JPG" srcURL="images/IMG_0133.JPG" srcname="IMG_0133.JPG" size="1217139" sizeText="1.2 MB" type="image" width="2048" height="1536"></image>
    <image kind="thumbnail" src="thumbnails/IMG_0133.jpg" srcURL="thumbnails/IMG_0133.jpg" srcname="IMG_0133.jpg" size="29662" sizeText="29 KB" type="image" width="300" height="225"></image>
  </photo>
  <photo name="Police Box" date="2010-08-16T10:51:23Z" id="7294271919726091079">
    <comment>
      <p>This is one of five police boxes still standing in Glasgow. One little known piece of police box trivia is that Glasgow police boxes were originally painted red.</p>
    </comment>
    <image kind="original" src="originals/IMG_0139.JPG" srcURL="originals/IMG_0139.JPG" srcname="IMG_0139.JPG" size="1120338" sizeText="1 MB" type="image"></image>
    <image kind="image" src="images/IMG_0139.jpg" srcURL="images/IMG_0139.jpg" srcname="IMG_0139.jpg" size="1187702" sizeText="1.1 MB" type="image" width="1536" height="2048"></image>
    <image kind="thumbnail" src="thumbnails/IMG_0139.jpg" srcURL="thumbnails/IMG_0139.jpg" srcname="IMG_0139.jpg" size="27267" sizeText="26.6 KB" type="image" width="225" height="300"></image>
  </photo>
  <photo name="River Kelvin" date="2010-08-16T10:42:05Z" id="13377891346033379028">
    <comment>
      <p>This is the view from Queen Margaret Bridge, looking towards the weir and the ruins of Garrioch Mill.</p>
    </comment>
    <image kind="original" src="originals/IMG_0119.JPG" srcURL="originals/IMG_0119.JPG" srcname="IMG_0119.JPG" size="1003325" sizeText="1 MB" type="image"></image>
    <image kind="image" src="images/IMG_0119.JPG" srcURL="images/IMG_0119.JPG" srcname="IMG_0119.JPG" size="1003325" sizeText="1 MB" type="image" width="2048" height="1536"></image>
    <image kind="thumbnail" src="thumbnails/IMG_0119.jpg" srcURL="thumbnails/IMG_0119.jpg" srcname="IMG_0119.jpg" size="23686" sizeText="23.1 KB" type="image" width="300" height="225"></image>
  </photo>
  <photo name="Former BBC Scotland Headquarters" date="2010-08-16T10:43:47Z" id="6535810854577901309">
    <comment>
      <p>BBC Scotland has since moved to a new building on the South Side, but someone forgot to take down the signage.</p>
    </comment>
    <image kind="original" src="originals/IMG_0122.JPG" srcURL="originals/IMG_0122.JPG" srcname="IMG_0122.JPG" size="793732" sizeText="0.8 MB" type="image"></image>
    <image kind="image" src="images/IMG_0122.jpg" srcURL="images/IMG_0122.jpg" srcname="IMG_0122.jpg" size="820652" sizeText="0.8 MB" type="image" width="1536" height="2048"></image>
    <image kind="thumbnail" src="thumbnails/IMG_0122.jpg" srcURL="thumbnails/IMG_0122.jpg" srcname="IMG_0122.jpg" size="17397" sizeText="17 KB" type="image" width="225" height="300"></image>
  </photo>
  <photo name="Stonework" date="2010-08-16T10:55:50Z" id="12336686527235340985">
    <image kind="original" src="originals/IMG_0149.JPG" srcURL="originals/IMG_0149.JPG" srcname="IMG_0149.JPG" size="1159763" sizeText="1.1 MB" type="image"></image>
    <image kind="image" src="images/IMG_0149.JPG" srcURL="images/IMG_0149.JPG" srcname="IMG_0149.JPG" size="1159763" sizeText="1.1 MB" type="image" width="2048" height="1536"></image>
    <image kind="thumbnail" src="thumbnails/IMG_0149.jpg" srcURL="thumbnails/IMG_0149.jpg" srcname="IMG_0149.jpg" size="30157" sizeText="29.5 KB" type="image" width="300" height="225"></image>
  </photo>
  <photo name="Ironwork" date="2010-08-16T10:57:37Z" id="252959746825898354">
    <image kind="original" src="originals/IMG_0152.JPG" srcURL="originals/IMG_0152.JPG" srcname="IMG_0152.JPG" size="1453696" sizeText="1.4 MB" type="image"></image>
    <image kind="image" src="images/IMG_0152.JPG" srcURL="images/IMG_0152.JPG" srcname="IMG_0152.JPG" size="1453696" sizeText="1.4 MB" type="image" width="2048" height="1536"></image>
    <image kind="thumbnail" src="thumbnails/IMG_0152.jpg" srcURL="thumbnails/IMG_0152.jpg" srcname="IMG_0152.jpg" size="37731" sizeText="36.8 KB" type="image" width="300" height="225"></image>
  </photo>
  <photo name="Drain Pipe" date="2010-08-16T11:12:46Z" id="5442339131697131899">
    <image kind="original" src="originals/IMG_0156.JPG" srcURL="originals/IMG_0156.JPG" srcname="IMG_0156.JPG" size="1635811" sizeText="1.6 MB" type="image"></image>
    <image kind="image" src="images/IMG_0156.jpg" srcURL="images/IMG_0156.jpg" srcname="IMG_0156.jpg" size="1746298" sizeText="1.7 MB" type="image" width="1536" height="2048"></image>
    <image kind="thumbnail" src="thumbnails/IMG_0156.jpg" srcURL="thumbnails/IMG_0156.jpg" srcname="IMG_0156.jpg" size="38554" sizeText="37.7 KB" type="image" width="225" height="300"></image>
  </photo>
</album>
