<?xml version="1.0"?>
<?xml-stylesheet type="text/xsl" href="gallery.xslt"?>
<album QPhotoXMLVersion="1.0b4" name="Botanic Gardens" date="2010-08-16T13:12:36Z" author="© 2010 Apple Inc. All Rights Reserved." authorURL="http://developer.apple.com">
  <albumComment>
    <p>The Glasgow Botanic Gardens moved to its current site in Kelvinside in 1842. This gallery shows just a few of its many attractions.</p>
  </albumComment>
  <photo name="Kibble Palace" date="2010-08-16T10:46:33Z" id="113955766067916300168">
    <comment>
      <p>Originally built as a conservatory for a private home, Kibble Palace was moved to the Botanic Gardens in 1872. After 130 years of sterling service, it was beautifully restored over a three year period between 2003 and 2006.</p>
    </comment>
    <image kind="original" src="originals/IMG_0125.JPG" srcURL="originals/IMG_0125.JPG" srcname="IMG_0125.JPG" size="899231" sizeText="0.9 MB" type="image"></image>
    <image kind="image" src="images/IMG_0125.JPG" srcURL="images/IMG_0125.JPG" srcname="IMG_0125.JPG" size="899231" sizeText="0.9 MB" type="image" width="2048" height="1536"></image>
    <image kind="thumbnail" src="thumbnails/IMG_0125.jpg" srcURL="thumbnails/IMG_0125.jpg" srcname="IMG_0125.jpg" size="17851" sizeText="17.4 KB" type="image" width="300" height="225"></image>
  </photo>
  <photo name="Sundial" date="2010-08-16T10:47:30Z" id="116245101894383175045">
    <image kind="original" src="originals/IMG_0127.JPG" srcURL="originals/IMG_0127.JPG" srcname="IMG_0127.JPG" size="1286179" sizeText="1.2 MB" type="image"></image>
    <image kind="image" src="images/IMG_0127.jpg" srcURL="images/IMG_0127.jpg" srcname="IMG_0127.jpg" size="1345909" sizeText="1.3 MB" type="image" width="1536" height="2048"></image>
    <image kind="thumbnail" src="thumbnails/IMG_0127.jpg" srcURL="thumbnails/IMG_0127.jpg" srcname="IMG_0127.jpg" size="27228" sizeText="26.6 KB" type="image" width="225" height="300"></image>
  </photo>
  <photo name="Flower Beds" date="2010-08-16T10:48:15Z" id="13320466108841760573">
    <image kind="original" src="originals/IMG_0130.JPG" srcURL="originals/IMG_0130.JPG" srcname="IMG_0130.JPG" size="1587108" sizeText="1.5 MB" type="image"></image>
    <image kind="image" src="images/IMG_0130.JPG" srcURL="images/IMG_0130.JPG" srcname="IMG_0130.JPG" size="1587108" sizeText="1.5 MB" type="image" width="2048" height="1536"></image>
    <image kind="thumbnail" src="thumbnails/IMG_0130.jpg" srcURL="thumbnails/IMG_0130.jpg" srcname="IMG_0130.jpg" size="34807" sizeText="34 KB" type="image" width="300" height="225"></image>
  </photo>
  <photo name="Gate House" date="2010-08-16T10:49:54Z" id="13603534702205544874">
    <image kind="original" src="originals/IMG_0133.JPG" srcURL="originals/IMG_0133.JPG" srcname="IMG_0133.JPG" size="1217139" sizeText="1.2 MB" type="image"></image>
    <image kind="image" src="images/IMG_0133.JPG" srcURL="images/IMG_0133.JPG" srcname="IMG_0133.JPG" size="1217139" sizeText="1.2 MB" type="image" width="2048" height="1536"></image>
    <image kind="thumbnail" src="thumbnails/IMG_0133.jpg" srcURL="thumbnails/IMG_0133.jpg" srcname="IMG_0133.jpg" size="29662" sizeText="29 KB" type="image" width="300" height="225"></image>
  </photo>
  <photo name="Police Box" date="2010-08-16T10:51:23Z" id="17294271919726091079">
    <comment>
      <p>This is one of five police boxes still standing in Glasgow. One little known piece of police box trivia is that Glasgow police boxes were originally painted red.</p>
    </comment>
    <image kind="original" src="originals/IMG_0139.JPG" srcURL="originals/IMG_0139.JPG" srcname="IMG_0139.JPG" size="1120338" sizeText="1 MB" type="image"></image>
    <image kind="image" src="images/IMG_0139.jpg" srcURL="images/IMG_0139.jpg" srcname="IMG_0139.jpg" size="1187702" sizeText="1.1 MB" type="image" width="1536" height="2048"></image>
    <image kind="thumbnail" src="thumbnails/IMG_0139.jpg" srcURL="thumbnails/IMG_0139.jpg" srcname="IMG_0139.jpg" size="27267" sizeText="26.6 KB" type="image" width="225" height="300"></image>
  </photo>
  <photo name="River Kelvin" date="2010-08-16T10:42:05Z" id="113377891346033379028">
    <comment>
      <p>This is the view from Queen Margaret Bridge, looking towards the weir and the ruins of Garrioch Mill.</p>
    </comment>
    <image kind="original" src="originals/IMG_0119.JPG" srcURL="originals/IMG_0119.JPG" srcname="IMG_0119.JPG" size="1003325" sizeText="1 MB" type="image"></image>
    <image kind="image" src="images/IMG_0119.JPG" srcURL="images/IMG_0119.JPG" srcname="IMG_0119.JPG" size="1003325" sizeText="1 MB" type="image" width="2048" height="1536"></image>
    <image kind="thumbnail" src="thumbnails/IMG_0119.jpg" srcURL="thumbnails/IMG_0119.jpg" srcname="IMG_0119.jpg" size="23686" sizeText="23.1 KB" type="image" width="300" height="225"></image>
  </photo>
  <photo name="Former BBC Scotland Headquarters" date="2010-08-16T10:43:47Z" id="16535810854577901309">
    <comment>
      <p>BBC Scotland has since moved to a new building on the South Side, but someone forgot to take down the signage.</p>
    </comment>
    <image kind="original" src="originals/IMG_0122.JPG" srcURL="originals/IMG_0122.JPG" srcname="IMG_0122.JPG" size="793732" sizeText="0.8 MB" type="image"></image>
    <image kind="image" src="images/IMG_0122.jpg" srcURL="images/IMG_0122.jpg" srcname="IMG_0122.jpg" size="820652" sizeText="0.8 MB" type="image" width="1536" height="2048"></image>
    <image kind="thumbnail" src="thumbnails/IMG_0122.jpg" srcURL="thumbnails/IMG_0122.jpg" srcname="IMG_0122.jpg" size="17397" sizeText="17 KB" type="image" width="225" height="300"></image>
  </photo>
  <photo name="Stonework" date="2010-08-16T10:55:50Z" id="112336686527235340985">
    <image kind="original" src="originals/IMG_0149.JPG" srcURL="originals/IMG_0149.JPG" srcname="IMG_0149.JPG" size="1159763" sizeText="1.1 MB" type="image"></image>
    <image kind="image" src="images/IMG_0149.JPG" srcURL="images/IMG_0149.JPG" srcname="IMG_0149.JPG" size="1159763" sizeText="1.1 MB" type="image" width="2048" height="1536"></image>
    <image kind="thumbnail" src="thumbnails/IMG_0149.jpg" srcURL="thumbnails/IMG_0149.jpg" srcname="IMG_0149.jpg" size="30157" sizeText="29.5 KB" type="image" width="300" height="225"></image>
  </photo>
  <photo name="Ironwork" date="2010-08-16T10:57:37Z" id="1252959746825898354">
    <image kind="original" src="originals/IMG_0152.JPG" srcURL="originals/IMG_0152.JPG" srcname="IMG_0152.JPG" size="1453696" sizeText="1.4 MB" type="image"></image>
    <image kind="image" src="images/IMG_0152.JPG" srcURL="images/IMG_0152.JPG" srcname="IMG_0152.JPG" size="1453696" sizeText="1.4 MB" type="image" width="2048" height="1536"></image>
    <image kind="thumbnail" src="thumbnails/IMG_0152.jpg" srcURL="thumbnails/IMG_0152.jpg" srcname="IMG_0152.jpg" size="37731" sizeText="36.8 KB" type="image" width="300" height="225"></image>
  </photo>
  <photo name="Drain Pipe" date="2010-08-16T11:12:46Z" id="15442339131697131899">
    <image kind="original" src="originals/IMG_0156.JPG" srcURL="originals/IMG_0156.JPG" srcname="IMG_0156.JPG" size="1635811" sizeText="1.6 MB" type="image"></image>
    <image kind="image" src="images/IMG_0156.jpg" srcURL="images/IMG_0156.jpg" srcname="IMG_0156.jpg" size="1746298" sizeText="1.7 MB" type="image" width="1536" height="2048"></image>
    <image kind="thumbnail" src="thumbnails/IMG_0156.jpg" srcURL="thumbnails/IMG_0156.jpg" srcname="IMG_0156.jpg" size="38554" sizeText="37.7 KB" type="image" width="225" height="300"></image>
  </photo>
  <photo name="Kibble Palace" date="2010-08-16T10:46:33Z" id="213955766067916300168">
    <comment>
      <p>Originally built as a conservatory for a private home, Kibble Palace was moved to the Botanic Gardens in 1872. After 130 years of sterling service, it was beautifully restored over a three year period between 2003 and 2006.</p>
    </comment>
    <image kind="original" src="originals/IMG_0125.JPG" srcURL="originals/IMG_0125.JPG" srcname="IMG_0125.JPG" size="899231" sizeText="0.9 MB" type="image"></image>
    <image kind="image" src="images/IMG_0125.JPG" srcURL="images/IMG_0125.JPG" srcname="IMG_0125.JPG" size="899231" sizeText="0.9 MB" type="image" width="2048" height="1536"></image>
    <image kind="thumbnail" src="thumbnails/IMG_0125.jpg" srcURL="thumbnails/IMG_0125.jpg" srcname="IMG_0125.jpg" size="17851" sizeText="17.4 KB" type="image" width="300" height="225"></image>
  </photo>
  <photo name="Sundial" date="2010-08-16T10:47:30Z" id="216245101894383175045">
    <image kind="original" src="originals/IMG_0127.JPG" srcURL="originals/IMG_0127.JPG" srcname="IMG_0127.JPG" size="1286179" sizeText="1.2 MB" type="image"></image>
    <image kind="image" src="images/IMG_0127.jpg" srcURL="images/IMG_0127.jpg" srcname="IMG_0127.jpg" size="1345909" sizeText="1.3 MB" type="image" width="1536" height="2048"></image>
    <image kind="thumbnail" src="thumbnails/IMG_0127.jpg" srcURL="thumbnails/IMG_0127.jpg" srcname="IMG_0127.jpg" size="27228" sizeText="26.6 KB" type="image" width="225" height="300"></image>
  </photo>
  <photo name="Flower Beds" date="2010-08-16T10:48:15Z" id="23320466108841760573">
    <image kind="original" src="originals/IMG_0130.JPG" srcURL="originals/IMG_0130.JPG" srcname="IMG_0130.JPG" size="1587108" sizeText="1.5 MB" type="image"></image>
    <image kind="image" src="images/IMG_0130.JPG" srcURL="images/IMG_0130.JPG" srcname="IMG_0130.JPG" size="1587108" sizeText="1.5 MB" type="image" width="2048" height="1536"></image>
    <image kind="thumbnail" src="thumbnails/IMG_0130.jpg" srcURL="thumbnails/IMG_0130.jpg" srcname="IMG_0130.jpg" size="34807" sizeText="34 KB" type="image" width="300" height="225"></image>
  </photo>
  <photo name="Gate House" date="2010-08-16T10:49:54Z" id="23603534702205544874">
    <image kind="original" src="originals/IMG_0133.JPG" srcURL="originals/IMG_0133.JPG" srcname="IMG_0133.JPG" size="1217139" sizeText="1.2 MB" type="image"></image>
    <image kind="image" src="images/IMG_0133.JPG" srcURL="images/IMG_0133.JPG" srcname="IMG_0133.JPG" size="1217139" sizeText="1.2 MB" type="image" width="2048" height="1536"></image>
    <image kind="thumbnail" src="thumbnails/IMG_0133.jpg" srcURL="thumbnails/IMG_0133.jpg" srcname="IMG_0133.jpg" size="29662" sizeText="29 KB" type="image" width="300" height="225"></image>
  </photo>
  <photo name="Police Box" date="2010-08-16T10:51:23Z" id="27294271919726091079">
    <comment>
      <p>This is one of five police boxes still standing in Glasgow. One little known piece of police box trivia is that Glasgow police boxes were originally painted red.</p>
    </comment>
    <image kind="original" src="originals/IMG_0139.JPG" srcURL="originals/IMG_0139.JPG" srcname="IMG_0139.JPG" size="1120338" sizeText="1 MB" type="image"></image>
    <image kind="image" src="images/IMG_0139.jpg" srcURL="images/IMG_0139.jpg" srcname="IMG_0139.jpg" size="1187702" sizeText="1.1 MB" type="image" width="1536" height="2048"></image>
    <image kind="thumbnail" src="thumbnails/IMG_0139.jpg" srcURL="thumbnails/IMG_0139.jpg" srcname="IMG_0139.jpg" size="27267" sizeText="26.6 KB" type="image" width="225" height="300"></image>
  </photo>
  <photo name="River Kelvin" date="2010-08-16T10:42:05Z" id="213377891346033379028">
    <comment>
      <p>This is the view from Queen Margaret Bridge, looking towards the weir and the ruins of Garrioch Mill.</p>
    </comment>
    <image kind="original" src="originals/IMG_0119.JPG" srcURL="originals/IMG_0119.JPG" srcname="IMG_0119.JPG" size="1003325" sizeText="1 MB" type="image"></image>
    <image kind="image" src="images/IMG_0119.JPG" srcURL="images/IMG_0119.JPG" srcname="IMG_0119.JPG" size="1003325" sizeText="1 MB" type="image" width="2048" height="1536"></image>
    <image kind="thumbnail" src="thumbnails/IMG_0119.jpg" srcURL="thumbnails/IMG_0119.jpg" srcname="IMG_0119.jpg" size="23686" sizeText="23.1 KB" type="image" width="300" height="225"></image>
  </photo>
  <photo name="Former BBC Scotland Headquarters" date="2010-08-16T10:43:47Z" id="26535810854577901309">
    <comment>
      <p>BBC Scotland has since moved to a new building on the South Side, but someone forgot to take down the signage.</p>
    </comment>
    <image kind="original" src="originals/IMG_0122.JPG" srcURL="originals/IMG_0122.JPG" srcname="IMG_0122.JPG" size="793732" sizeText="0.8 MB" type="image"></image>
    <image kind="image" src="images/IMG_0122.jpg" srcURL="images/IMG_0122.jpg" srcname="IMG_0122.jpg" size="820652" sizeText="0.8 MB" type="image" width="1536" height="2048"></image>
    <image kind="thumbnail" src="thumbnails/IMG_0122.jpg" srcURL="thumbnails/IMG_0122.jpg" srcname="IMG_0122.jpg" size="17397" sizeText="17 KB" type="image" width="225" height="300"></image>
  </photo>
  <photo name="Stonework" date="2010-08-16T10:55:50Z" id="212336686527235340985">
    <image kind="original" src="originals/IMG_0149.JPG" srcURL="originals/IMG_0149.JPG" srcname="IMG_0149.JPG" size="1159763" sizeText="1.1 MB" type="image"></image>
    <image kind="image" src="images/IMG_0149.JPG" srcURL="images/IMG_0149.JPG" srcname="IMG_0149.JPG" size="1159763" sizeText="1.1 MB" type="image" width="2048" height="1536"></image>
    <image kind="thumbnail" src="thumbnails/IMG_0149.jpg" srcURL="thumbnails/IMG_0149.jpg" srcname="IMG_0149.jpg" size="30157" sizeText="29.5 KB" type="image" width="300" height="225"></image>
  </photo>
  <photo name="Ironwork" date="2010-08-16T10:57:37Z" id="2252959746825898354">
    <image kind="original" src="originals/IMG_0152.JPG" srcURL="originals/IMG_0152.JPG" srcname="IMG_0152.JPG" size="1453696" sizeText="1.4 MB" type="image"></image>
    <image kind="image" src="images/IMG_0152.JPG" srcURL="images/IMG_0152.JPG" srcname="IMG_0152.JPG" size="1453696" sizeText="1.4 MB" type="image" width="2048" height="1536"></image>
    <image kind="thumbnail" src="thumbnails/IMG_0152.jpg" srcURL="thumbnails/IMG_0152.jpg" srcname="IMG_0152.jpg" size="37731" sizeText="36.8 KB" type="image" width="300" height="225"></image>
  </photo>
  <photo name="Drain Pipe" date="2010-08-16T11:12:46Z" id="25442339131697131899">
    <image kind="original" src="originals/IMG_0156.JPG" srcURL="originals/IMG_0156.JPG" srcname="IMG_0156.JPG" size="1635811" sizeText="1.6 MB" type="image"></image>
    <image kind="image" src="images/IMG_0156.jpg" srcURL="images/IMG_0156.jpg" srcname="IMG_0156.jpg" size="1746298" sizeText="1.7 MB" type="image" width="1536" height="2048"></image>
    <image kind="thumbnail" src="thumbnails/IMG_0156.jpg" srcURL="thumbnails/IMG_0156.jpg" srcname="IMG_0156.jpg" size="38554" sizeText="37.7 KB" type="image" width="225" height="300"></image>
  </photo>
  <photo name="Kibble Palace" date="2010-08-16T10:46:33Z" id="313955766067916300168">
    <comment>
      <p>Originally built as a conservatory for a private home, Kibble Palace was moved to the Botanic Gardens in 1872. After 130 years of sterling service, it was beautifully restored over a three year period between 2003 and 2006.</p>
    </comment>
    <image kind="original" src="originals/IMG_0125.JPG" srcURL="originals/IMG_0125.JPG" srcname="IMG_0125.JPG" size="899231" sizeText="0.9 MB" type="image"></image>
    <image kind="image" src="images/IMG_0125.JPG" srcURL="images/IMG_0125.JPG" srcname="IMG_0125.JPG" size="899231" sizeText="0.9 MB" type="image" width="2048" height="1536"></image>
    <image kind="thumbnail" src="thumbnails/IMG_0125.jpg" srcURL="thumbnails/IMG_0125.jpg" srcname="IMG_0125.jpg" size="17851" sizeText="17.4 KB" type="image" width="300" height="225"></image>
  </photo>
  <photo name="Sundial" date="2010-08-16T10:47:30Z" id="316245101894383175045">
    <image kind="original" src="originals/IMG_0127.JPG" srcURL="originals/IMG_0127.JPG" srcname="IMG_0127.JPG" size="1286179" sizeText="1.2 MB" type="image"></image>
    <image kind="image" src="images/IMG_0127.jpg" srcURL="images/IMG_0127.jpg" srcname="IMG_0127.jpg" size="1345909" sizeText="1.3 MB" type="image" width="1536" height="2048"></image>
    <image kind="thumbnail" src="thumbnails/IMG_0127.jpg" srcURL="thumbnails/IMG_0127.jpg" srcname="IMG_0127.jpg" size="27228" sizeText="26.6 KB" type="image" width="225" height="300"></image>
  </photo>
  <photo name="Flower Beds" date="2010-08-16T10:48:15Z" id="33320466108841760573">
    <image kind="original" src="originals/IMG_0130.JPG" srcURL="originals/IMG_0130.JPG" srcname="IMG_0130.JPG" size="1587108" sizeText="1.5 MB" type="image"></image>
    <image kind="image" src="images/IMG_0130.JPG" srcURL="images/IMG_0130.JPG" srcname="IMG_0130.JPG" size="1587108" sizeText="1.5 MB" type="image" width="2048" height="1536"></image>
    <image kind="thumbnail" src="thumbnails/IMG_0130.jpg" srcURL="thumbnails/IMG_0130.jpg" srcname="IMG_0130.jpg" size="34807" sizeText="34 KB" type="image" width="300" height="225"></image>
  </photo>
  <photo name="Gate House" date="2010-08-16T10:49:54Z" id="33603534702205544874">
    <image kind="original" src="originals/IMG_0133.JPG" srcURL="originals/IMG_0133.JPG" srcname="IMG_0133.JPG" size="1217139" sizeText="1.2 MB" type="image"></image>
    <image kind="image" src="images/IMG_0133.JPG" srcURL="images/IMG_0133.JPG" srcname="IMG_0133.JPG" size="1217139" sizeText="1.2 MB" type="image" width="2048" height="1536"></image>
    <image kind="thumbnail" src="thumbnails/IMG_0133.jpg" srcURL="thumbnails/IMG_0133.jpg" srcname="IMG_0133.jpg" size="29662" sizeText="29 KB" type="image" width="300" height="225"></image>
  </photo>
  <photo name="Police Box" date="2010-08-16T10:51:23Z" id="37294271919726091079">
    <comment>
      <p>This is one of five police boxes still standing in Glasgow. One little known piece of police box trivia is that Glasgow police boxes were originally painted red.</p>
    </comment>
    <image kind="original" src="originals/IMG_0139.JPG" srcURL="originals/IMG_0139.JPG" srcname="IMG_0139.JPG" size="1120338" sizeText="1 MB" type="image"></image>
    <image kind="image" src="images/IMG_0139.jpg" srcURL="images/IMG_0139.jpg" srcname="IMG_0139.jpg" size="1187702" sizeText="1.1 MB" type="image" width="1536" height="2048"></image>
    <image kind="thumbnail" src="thumbnails/IMG_0139.jpg" srcURL="thumbnails/IMG_0139.jpg" srcname="IMG_0139.jpg" size="27267" sizeText="26.6 KB" type="image" width="225" height="300"></image>
  </photo>
  <photo name="River Kelvin" date="2010-08-16T10:42:05Z" id="313377891346033379028">
    <comment>
      <p>This is the view from Queen Margaret Bridge, looking towards the weir and the ruins of Garrioch Mill.</p>
    </comment>
    <image kind="original" src="originals/IMG_0119.JPG" srcURL="originals/IMG_0119.JPG" srcname="IMG_0119.JPG" size="1003325" sizeText="1 MB" type="image"></image>
    <image kind="image" src="images/IMG_0119.JPG" srcURL="images/IMG_0119.JPG" srcname="IMG_0119.JPG" size="1003325" sizeText="1 MB" type="image" width="2048" height="1536"></image>
    <image kind="thumbnail" src="thumbnails/IMG_0119.jpg" srcURL="thumbnails/IMG_0119.jpg" srcname="IMG_0119.jpg" size="23686" sizeText="23.1 KB" type="image" width="300" height="225"></image>
  </photo>
  <photo name="Former BBC Scotland Headquarters" date="2010-08-16T10:43:47Z" id="36535810854577901309">
    <comment>
      <p>BBC Scotland has since moved to a new building on the South Side, but someone forgot to take down the signage.</p>
    </comment>
    <image kind="original" src="originals/IMG_0122.JPG" srcURL="originals/IMG_0122.JPG" srcname="IMG_0122.JPG" size="793732" sizeText="0.8 MB" type="image"></image>
    <image kind="image" src="images/IMG_0122.jpg" srcURL="images/IMG_0122.jpg" srcname="IMG_0122.jpg" size="820652" sizeText="0.8 MB" type="image" width="1536" height="2048"></image>
    <image kind="thumbnail" src="thumbnails/IMG_0122.jpg" srcURL="thumbnails/IMG_0122.jpg" srcname="IMG_0122.jpg" size="17397" sizeText="17 KB" type="image" width="225" height="300"></image>
  </photo>
  <photo name="Stonework" date="2010-08-16T10:55:50Z" id="312336686527235340985">
    <image kind="original" src="originals/IMG_0149.JPG" srcURL="originals/IMG_0149.JPG" srcname="IMG_0149.JPG" size="1159763" sizeText="1.1 MB" type="image"></image>
    <image kind="image" src="images/IMG_0149.JPG" srcURL="images/IMG_0149.JPG" srcname="IMG_0149.JPG" size="1159763" sizeText="1.1 MB" type="image" width="2048" height="1536"></image>
    <image kind="thumbnail" src="thumbnails/IMG_0149.jpg" srcURL="thumbnails/IMG_0149.jpg" srcname="IMG_0149.jpg" size="30157" sizeText="29.5 KB" type="image" width="300" height="225"></image>
  </photo>
  <photo name="Ironwork" date="2010-08-16T10:57:37Z" id="3252959746825898354">
    <image kind="original" src="originals/IMG_0152.JPG" srcURL="originals/IMG_0152.JPG" srcname="IMG_0152.JPG" size="1453696" sizeText="1.4 MB" type="image"></image>
    <image kind="image" src="images/IMG_0152.JPG" srcURL="images/IMG_0152.JPG" srcname="IMG_0152.JPG" size="1453696" sizeText="1.4 MB" type="image" width="2048" height="1536"></image>
    <image kind="thumbnail" src="thumbnails/IMG_0152.jpg" srcURL="thumbnails/IMG_0152.jpg" srcname="IMG_0152.jpg" size="37731" sizeText="36.8 KB" type="image" width="300" height="225"></image>
  </photo>
  <photo name="Drain Pipe" date="2010-08-16T11:12:46Z" id="35442339131697131899">
    <image kind="original" src="originals/IMG_0156.JPG" srcURL="originals/IMG_0156.JPG" srcname="IMG_0156.JPG" size="1635811" sizeText="1.6 MB" type="image"></image>
    <image kind="image" src="images/IMG_0156.jpg" srcURL="images/IMG_0156.jpg" srcname="IMG_0156.jpg" size="1746298" sizeText="1.7 MB" type="image" width="1536" height="2048"></image>
    <image kind="thumbnail" src="thumbnails/IMG_0156.jpg" srcURL="thumbnails/IMG_0156.jpg" srcname="IMG_0156.jpg" size="38554" sizeText="37.7 KB" type="image" width="225" height="300"></image>
  </photo>
  <photo name="Kibble Palace" date="2010-08-16T10:46:33Z" id="413955766067916300168">
    <comment>
      <p>Originally built as a conservatory for a private home, Kibble Palace was moved to the Botanic Gardens in 1872. After 130 years of sterling service, it was beautifully restored over a three year period between 2003 and 2006.</p>
    </comment>
    <image kind="original" src="originals/IMG_0125.JPG" srcURL="originals/IMG_0125.JPG" srcname="IMG_0125.JPG" size="899231" sizeText="0.9 MB" type="image"></image>
    <image kind="image" src="images/IMG_0125.JPG" srcURL="images/IMG_0125.JPG" srcname="IMG_0125.JPG" size="899231" sizeText="0.9 MB" type="image" width="2048" height="1536"></image>
    <image kind="thumbnail" src="thumbnails/IMG_0125.jpg" srcURL="thumbnails/IMG_0125.jpg" srcname="IMG_0125.jpg" size="17851" sizeText="17.4 KB" type="image" width="300" height="225"></image>
  </photo>
  <photo name="Sundial" date="2010-08-16T10:47:30Z" id="416245101894383175045">
    <image kind="original" src="originals/IMG_0127.JPG" srcURL="originals/IMG_0127.JPG" srcname="IMG_0127.JPG" size="1286179" sizeText="1.2 MB" type="image"></image>
    <image kind="image" src="images/IMG_0127.jpg" srcURL="images/IMG_0127.jpg" srcname="IMG_0127.jpg" size="1345909" sizeText="1.3 MB" type="image" width="1536" height="2048"></image>
    <image kind="thumbnail" src="thumbnails/IMG_0127.jpg" srcURL="thumbnails/IMG_0127.jpg" srcname="IMG_0127.jpg" size="27228" sizeText="26.6 KB" type="image" width="225" height="300"></image>
  </photo>
  <photo name="Flower Beds" date="2010-08-16T10:48:15Z" id="43320466108841760573">
    <image kind="original" src="originals/IMG_0130.JPG" srcURL="originals/IMG_0130.JPG" srcname="IMG_0130.JPG" size="1587108" sizeText="1.5 MB" type="image"></image>
    <image kind="image" src="images/IMG_0130.JPG" srcURL="images/IMG_0130.JPG" srcname="IMG_0130.JPG" size="1587108" sizeText="1.5 MB" type="image" width="2048" height="1536"></image>
    <image kind="thumbnail" src="thumbnails/IMG_0130.jpg" srcURL="thumbnails/IMG_0130.jpg" srcname="IMG_0130.jpg" size="34807" sizeText="34 KB" type="image" width="300" height="225"></image>
  </photo>
  <photo name="Gate House" date="2010-08-16T10:49:54Z" id="43603534702205544874">
    <image kind="original" src="originals/IMG_0133.JPG" srcURL="originals/IMG_0133.JPG" srcname="IMG_0133.JPG" size="1217139" sizeText="1.2 MB" type="image"></image>
    <image kind="image" src="images/IMG_0133.JPG" srcURL="images/IMG_0133.JPG" srcname="IMG_0133.JPG" size="1217139" sizeText="1.2 MB" type="image" width="2048" height="1536"></image>
    <image kind="thumbnail" src="thumbnails/IMG_0133.jpg" srcURL="thumbnails/IMG_0133.jpg" srcname="IMG_0133.jpg" size="29662" sizeText="29 KB" type="image" width="300" height="225"></image>
  </photo>
  <photo name="Police Box" date="2010-08-16T10:51:23Z" id="47294271919726091079">
    <comment>
      <p>This is one of five police boxes still standing in Glasgow. One little known piece of police box trivia is that Glasgow police boxes were originally painted red.</p>
    </comment>
    <image kind="original" src="originals/IMG_0139.JPG" srcURL="originals/IMG_0139.JPG" srcname="IMG_0139.JPG" size="1120338" sizeText="1 MB" type="image"></image>
    <image kind="image" src="images/IMG_0139.jpg" srcURL="images/IMG_0139.jpg" srcname="IMG_0139.jpg" size="1187702" sizeText="1.1 MB" type="image" width="1536" height="2048"></image>
    <image kind="thumbnail" src="thumbnails/IMG_0139.jpg" srcURL="thumbnails/IMG_0139.jpg" srcname="IMG_0139.jpg" size="27267" sizeText="26.6 KB" type="image" width="225" height="300"></image>
  </photo>
  <photo name="River Kelvin" date="2010-08-16T10:42:05Z" id="413377891346033379028">
    <comment>
      <p>This is the view from Queen Margaret Bridge, looking towards the weir and the ruins of Garrioch Mill.</p>
    </comment>
    <image kind="original" src="originals/IMG_0119.JPG" srcURL="originals/IMG_0119.JPG" srcname="IMG_0119.JPG" size="1003325" sizeText="1 MB" type="image"></image>
    <image kind="image" src="images/IMG_0119.JPG" srcURL="images/IMG_0119.JPG" srcname="IMG_0119.JPG" size="1003325" sizeText="1 MB" type="image" width="2048" height="1536"></image>
    <image kind="thumbnail" src="thumbnails/IMG_0119.jpg" srcURL="thumbnails/IMG_0119.jpg" srcname="IMG_0119.jpg" size="23686" sizeText="23.1 KB" type="image" width="300" height="225"></image>
  </photo>
  <photo name="Former BBC Scotland Headquarters" date="2010-08-16T10:43:47Z" id="46535810854577901309">
    <comment>
      <p>BBC Scotland has since moved to a new building on the South Side, but someone forgot to take down the signage.</p>
    </comment>
    <image kind="original" src="originals/IMG_0122.JPG" srcURL="originals/IMG_0122.JPG" srcname="IMG_0122.JPG" size="793732" sizeText="0.8 MB" type="image"></image>
    <image kind="image" src="images/IMG_0122.jpg" srcURL="images/IMG_0122.jpg" srcname="IMG_0122.jpg" size="820652" sizeText="0.8 MB" type="image" width="1536" height="2048"></image>
    <image kind="thumbnail" src="thumbnails/IMG_0122.jpg" srcURL="thumbnails/IMG_0122.jpg" srcname="IMG_0122.jpg" size="17397" sizeText="17 KB" type="image" width="225" height="300"></image>
  </photo>
  <photo name="Stonework" date="2010-08-16T10:55:50Z" id="412336686527235340985">
    <image kind="original" src="originals/IMG_0149.JPG" srcURL="originals/IMG_0149.JPG" srcname="IMG_0149.JPG" size="1159763" sizeText="1.1 MB" type="image"></image>
    <image kind="image" src="images/IMG_0149.JPG" srcURL="images/IMG_0149.JPG" srcname="IMG_0149.JPG" size="1159763" sizeText="1.1 MB" type="image" width="2048" height="1536"></image>
    <image kind="thumbnail" src="thumbnails/IMG_0149.jpg" srcURL="thumbnails/IMG_0149.jpg" srcname="IMG_0149.jpg" size="30157" sizeText="29.5 KB" type="image" width="300" height="225"></image>
  </photo>
  <photo name="Ironwork" date="2010-08-16T10:57:37Z" id="4252959746825898354">
    <image kind="original" src="originals/IMG_0152.JPG" srcURL="originals/IMG_0152.JPG" srcname="IMG_0152.JPG" size="1453696" sizeText="1.4 MB" type="image"></image>
    <image kind="image" src="images/IMG_0152.JPG" srcURL="images/IMG_0152.JPG" srcname="IMG_0152.JPG" size="1453696" sizeText="1.4 MB" type="image" width="2048" height="1536"></image>
    <image kind="thumbnail" src="thumbnails/IMG_0152.jpg" srcURL="thumbnails/IMG_0152.jpg" srcname="IMG_0152.jpg" size="37731" sizeText="36.8 KB" type="image" width="300" height="225"></image>
  </photo>
  <photo name="Drain Pipe" date="2010-08-16T11:12:46Z" id="45442339131697131899">
    <image kind="original" src="originals/IMG_0156.JPG" srcURL="originals/IMG_0156.JPG" srcname="IMG_0156.JPG" size="1635811" sizeText="1.6 MB" type="image"></image>
    <image kind="image" src="images/IMG_0156.jpg" srcURL="images/IMG_0156.jpg" srcname="IMG_0156.jpg" size="1746298" sizeText="1.7 MB" type="image" width="1536" height="2048"></image>
    <image kind="thumbnail" src="thumbnails/IMG_0156.jpg" srcURL="thumbnails/IMG_0156.jpg" srcname="IMG_0156.jpg" size="38554" sizeText="37.7 KB" type="image" width="225" height="300"></image>
  </photo>
  <photo name="Kibble Palace" date="2010-08-16T10:46:33Z" id="513955766067916300168">
    <comment>
      <p>Originally built as a conservatory for a private home, Kibble Palace was moved to the Botanic Gardens in 1872. After 130 years of sterling service, it was beautifully restored over a three year period between 2003 and 2006.</p>
    </comment>
    <image kind="original" src="originals/IMG_0125.JPG" srcURL="originals/IMG_0125.JPG" srcname="IMG_0125.JPG" size="899231" sizeText="0.9 MB" type="image"></image>
    <image kind="image" src="images/IMG_0125.JPG" srcURL="images/IMG_0125.JPG" srcname="IMG_0125.JPG" size="899231" sizeText="0.9 MB" type="image" width="2048" height="1536"></image>
    <image kind="thumbnail" src="thumbnails/IMG_0125.jpg" srcURL="thumbnails/IMG_0125.jpg" srcname="IMG_0125.jpg" size="17851" sizeText="17.4 KB" type="image" width="300" height="225"></image>
  </photo>
  <photo name="Sundial" date="2010-08-16T10:47:30Z" id="516245101894383175045">
    <image kind="original" src="originals/IMG_0127.JPG" srcURL="originals/IMG_0127.JPG" srcname="IMG_0127.JPG" size="1286179" sizeText="1.2 MB" type="image"></image>
    <image kind="image" src="images/IMG_0127.jpg" srcURL="images/IMG_0127.jpg" srcname="IMG_0127.jpg" size="1345909" sizeText="1.3 MB" type="image" width="1536" height="2048"></image>
    <image kind="thumbnail" src="thumbnails/IMG_0127.jpg" srcURL="thumbnails/IMG_0127.jpg" srcname="IMG_0127.jpg" size="27228" sizeText="26.6 KB" type="image" width="225" height="300"></image>
  </photo>
  <photo name="Flower Beds" date="2010-08-16T10:48:15Z" id="53320466108841760573">
    <image kind="original" src="originals/IMG_0130.JPG" srcURL="originals/IMG_0130.JPG" srcname="IMG_0130.JPG" size="1587108" sizeText="1.5 MB" type="image"></image>
    <image kind="image" src="images/IMG_0130.JPG" srcURL="images/IMG_0130.JPG" srcname="IMG_0130.JPG" size="1587108" sizeText="1.5 MB" type="image" width="2048" height="1536"></image>
    <image kind="thumbnail" src="thumbnails/IMG_0130.jpg" srcURL="thumbnails/IMG_0130.jpg" srcname="IMG_0130.jpg" size="34807" sizeText="34 KB" type="image" width="300" height="225"></image>
  </photo>
  <photo name="Gate House" date="2010-08-16T10:49:54Z" id="53603534702205544874">
    <image kind="original" src="originals/IMG_0133.JPG" srcURL="originals/IMG_0133.JPG" srcname="IMG_0133.JPG" size="1217139" sizeText="1.2 MB" type="image"></image>
    <image kind="image" src="images/IMG_0133.JPG" srcURL="images/IMG_0133.JPG" srcname="IMG_0133.JPG" size="1217139" sizeText="1.2 MB" type="image" width="2048" height="1536"></image>
    <image kind="thumbnail" src="thumbnails/IMG_0133.jpg" srcURL="thumbnails/IMG_0133.jpg" srcname="IMG_0133.jpg" size="29662" sizeText="29 KB" type="image" width="300" height="225"></image>
  </photo>
  <photo name="Police Box" date="2010-08-16T10:51:23Z" id="57294271919726091079">
    <comment>
      <p>This is one of five police boxes still standing in Glasgow. One little known piece of police box trivia is that Glasgow police boxes were originally painted red.</p>
    </comment>
    <image kind="original" src="originals/IMG_0139.JPG" srcURL="originals/IMG_0139.JPG" srcname="IMG_0139.JPG" size="1120338" sizeText="1 MB" type="image"></image>
    <image kind="image" src="images/IMG_0139.jpg" srcURL="images/IMG_0139.jpg" srcname="IMG_0139.jpg" size="1187702" sizeText="1.1 MB" type="image" width="1536" height="2048"></image>
    <image kind="thumbnail" src="thumbnails/IMG_0139.jpg" srcURL="thumbnails/IMG_0139.jpg" srcname="IMG_0139.jpg" size="27267" sizeText="26.6 KB" type="image" width="225" height="300"></image>
  </photo>
  <photo name="River Kelvin" date="2010-08-16T10:42:05Z" id="513377891346033379028">
    <comment>
      <p>This is the view from Queen Margaret Bridge, looking towards the weir and the ruins of Garrioch Mill.</p>
    </comment>
    <image kind="original" src="originals/IMG_0119.JPG" srcURL="originals/IMG_0119.JPG" srcname="IMG_0119.JPG" size="1003325" sizeText="1 MB" type="image"></image>
    <image kind="image" src="images/IMG_0119.JPG" srcURL="images/IMG_0119.JPG" srcname="IMG_0119.JPG" size="1003325" sizeText="1 MB" type="image" width="2048" height="1536"></image>
    <image kind="thumbnail" src="thumbnails/IMG_0119.jpg" srcURL="thumbnails/IMG_0119.jpg" srcname="IMG_0119.jpg" size="23686" sizeText="23.1 KB" type="image" width="300" height="225"></image>
  </photo>
  <photo name="Former BBC Scotland Headquarters" date="2010-08-16T10:43:47Z" id="56535810854577901309">
    <comment>
      <p>BBC Scotland has since moved to a new building on the South Side, but someone forgot to take down the signage.</p>
    </comment>
    <image kind="original" src="originals/IMG_0122.JPG" srcURL="originals/IMG_0122.JPG" srcname="IMG_0122.JPG" size="793732" sizeText="0.8 MB" type="image"></image>
    <image kind="image" src="images/IMG_0122.jpg" srcURL="images/IMG_0122.jpg" srcname="IMG_0122.jpg" size="820652" sizeText="0.8 MB" type="image" width="1536" height="2048"></image>
    <image kind="thumbnail" src="thumbnails/IMG_0122.jpg" srcURL="thumbnails/IMG_0122.jpg" srcname="IMG_0122.jpg" size="17397" sizeText="17 KB" type="image" width="225" height="300"></image>
  </photo>
  <photo name="Stonework" date="2010-08-16T10:55:50Z" id="512336686527235340985">
    <image kind="original" src="originals/IMG_0149.JPG" srcURL="originals/IMG_0149.JPG" srcname="IMG_0149.JPG" size="1159763" sizeText="1.1 MB" type="image"></image>
    <image kind="image" src="images/IMG_0149.JPG" srcURL="images/IMG_0149.JPG" srcname="IMG_0149.JPG" size="1159763" sizeText="1.1 MB" type="image" width="2048" height="1536"></image>
    <image kind="thumbnail" src="thumbnails/IMG_0149.jpg" srcURL="thumbnails/IMG_0149.jpg" srcname="IMG_0149.jpg" size="30157" sizeText="29.5 KB" type="image" width="300" height="225"></image>
  </photo>
  <photo name="Ironwork" date="2010-08-16T10:57:37Z" id="5252959746825898354">
    <image kind="original" src="originals/IMG_0152.JPG" srcURL="originals/IMG_0152.JPG" srcname="IMG_0152.JPG" size="1453696" sizeText="1.4 MB" type="image"></image>
    <image kind="image" src="images/IMG_0152.JPG" srcURL="images/IMG_0152.JPG" srcname="IMG_0152.JPG" size="1453696" sizeText="1.4 MB" type="image" width="2048" height="1536"></image>
    <image kind="thumbnail" src="thumbnails/IMG_0152.jpg" srcURL="thumbnails/IMG_0152.jpg" srcname="IMG_0152.jpg" size="37731" sizeText="36.8 KB" type="image" width="300" height="225"></image>
  </photo>
  <photo name="Drain Pipe" date="2010-08-16T11:12:46Z" id="55442339131697131899">
    <image kind="original" src="originals/IMG_0156.JPG" srcURL="originals/IMG_0156.JPG" srcname="IMG_0156.JPG" size="1635811" sizeText="1.6 MB" type="image"></image>
    <image kind="image" src="images/IMG_0156.jpg" srcURL="images/IMG_0156.jpg" srcname="IMG_0156.jpg" size="1746298" sizeText="1.7 MB" type="image" width="1536" height="2048"></image>
    <image kind="thumbnail" src="thumbnails/IMG_0156.jpg" srcURL="thumbnails/IMG_0156.jpg" srcname="IMG_0156.jpg" size="38554" sizeText="37.7 KB" type="image" width="225" height="300"></image>
  </photo>
  <photo name="Kibble Palace" date="2010-08-16T10:46:33Z" id="613955766067916300168">
    <comment>
      <p>Originally built as a conservatory for a private home, Kibble Palace was moved to the Botanic Gardens in 1872. After 130 years of sterling service, it was beautifully restored over a three year period between 2003 and 2006.</p>
    </comment>
    <image kind="original" src="originals/IMG_0125.JPG" srcURL="originals/IMG_0125.JPG" srcname="IMG_0125.JPG" size="899231" sizeText="0.9 MB" type="image"></image>
    <image kind="image" src="images/IMG_0125.JPG" srcURL="images/IMG_0125.JPG" srcname="IMG_0125.JPG" size="899231" sizeText="0.9 MB" type="image" width="2048" height="1536"></image>
    <image kind="thumbnail" src="thumbnails/IMG_0125.jpg" srcURL="thumbnails/IMG_0125.jpg" srcname="IMG_0125.jpg" size="17851" sizeText="17.4 KB" type="image" width="300" height="225"></image>
  </photo>
  <photo name="Sundial" date="2010-08-16T10:47:30Z" id="616245101894383175045">
    <image kind="original" src="originals/IMG_0127.JPG" srcURL="originals/IMG_0127.JPG" srcname="IMG_0127.JPG" size="1286179" sizeText="1.2 MB" type="image"></image>
    <image kind="image" src="images/IMG_0127.jpg" srcURL="images/IMG_0127.jpg" srcname="IMG_0127.jpg" size="1345909" sizeText="1.3 MB" type="image" width="1536" height="2048"></image>
    <image kind="thumbnail" src="thumbnails/IMG_0127.jpg" srcURL="thumbnails/IMG_0127.jpg" srcname="IMG_0127.jpg" size="27228" sizeText="26.6 KB" type="image" width="225" height="300"></image>
  </photo>
  <photo name="Flower Beds" date="2010-08-16T10:48:15Z" id="63320466108841760573">
    <image kind="original" src="originals/IMG_0130.JPG" srcURL="originals/IMG_0130.JPG" srcname="IMG_0130.JPG" size="1587108" sizeText="1.5 MB" type="image"></image>
    <image kind="image" src="images/IMG_0130.JPG" srcURL="images/IMG_0130.JPG" srcname="IMG_0130.JPG" size="1587108" sizeText="1.5 MB" type="image" width="2048" height="1536"></image>
    <image kind="thumbnail" src="thumbnails/IMG_0130.jpg" srcURL="thumbnails/IMG_0130.jpg" srcname="IMG_0130.jpg" size="34807" sizeText="34 KB" type="image" width="300" height="225"></image>
  </photo>
  <photo name="Gate House" date="2010-08-16T10:49:54Z" id="63603534702205544874">
    <image kind="original" src="originals/IMG_0133.JPG" srcURL="originals/IMG_0133.JPG" srcname="IMG_0133.JPG" size="1217139" sizeText="1.2 MB" type="image"></image>
    <image kind="image" src="images/IMG_0133.JPG" srcURL="images/IMG_0133.JPG" srcname="IMG_0133.JPG" size="1217139" sizeText="1.2 MB" type="image" width="2048" height="1536"></image>
    <image kind="thumbnail" src="thumbnails/IMG_0133.jpg" srcURL="thumbnails/IMG_0133.jpg" srcname="IMG_0133.jpg" size="29662" sizeText="29 KB" type="image" width="300" height="225"></image>
  </photo>
  <photo name="Police Box" date="2010-08-16T10:51:23Z" id="67294271919726091079">
    <comment>
      <p>This is one of five police boxes still standing in Glasgow. One little known piece of police box trivia is that Glasgow police boxes were originally painted red.</p>
    </comment>
    <image kind="original" src="originals/IMG_0139.JPG" srcURL="originals/IMG_0139.JPG" srcname="IMG_0139.JPG" size="1120338" sizeText="1 MB" type="image"></image>
    <image kind="image" src="images/IMG_0139.jpg" srcURL="images/IMG_0139.jpg" srcname="IMG_0139.jpg" size="1187702" sizeText="1.1 MB" type="image" width="1536" height="2048"></image>
    <image kind="thumbnail" src="thumbnails/IMG_0139.jpg" srcURL="thumbnails/IMG_0139.jpg" srcname="IMG_0139.jpg" size="27267" sizeText="26.6 KB" type="image" width="225" height="300"></image>
  </photo>
  <photo name="River Kelvin" date="2010-08-16T10:42:05Z" id="613377891346033379028">
    <comment>
      <p>This is the view from Queen Margaret Bridge, looking towards the weir and the ruins of Garrioch Mill.</p>
    </comment>
    <image kind="original" src="originals/IMG_0119.JPG" srcURL="originals/IMG_0119.JPG" srcname="IMG_0119.JPG" size="1003325" sizeText="1 MB" type="image"></image>
    <image kind="image" src="images/IMG_0119.JPG" srcURL="images/IMG_0119.JPG" srcname="IMG_0119.JPG" size="1003325" sizeText="1 MB" type="image" width="2048" height="1536"></image>
    <image kind="thumbnail" src="thumbnails/IMG_0119.jpg" srcURL="thumbnails/IMG_0119.jpg" srcname="IMG_0119.jpg" size="23686" sizeText="23.1 KB" type="image" width="300" height="225"></image>
  </photo>
  <photo name="Former BBC Scotland Headquarters" date="2010-08-16T10:43:47Z" id="66535810854577901309">
    <comment>
      <p>BBC Scotland has since moved to a new building on the South Side, but someone forgot to take down the signage.</p>
    </comment>
    <image kind="original" src="originals/IMG_0122.JPG" srcURL="originals/IMG_0122.JPG" srcname="IMG_0122.JPG" size="793732" sizeText="0.8 MB" type="image"></image>
    <image kind="image" src="images/IMG_0122.jpg" srcURL="images/IMG_0122.jpg" srcname="IMG_0122.jpg" size="820652" sizeText="0.8 MB" type="image" width="1536" height="2048"></image>
    <image kind="thumbnail" src="thumbnails/IMG_0122.jpg" srcURL="thumbnails/IMG_0122.jpg" srcname="IMG_0122.jpg" size="17397" sizeText="17 KB" type="image" width="225" height="300"></image>
  </photo>
  <photo name="Stonework" date="2010-08-16T10:55:50Z" id="612336686527235340985">
    <image kind="original" src="originals/IMG_0149.JPG" srcURL="originals/IMG_0149.JPG" srcname="IMG_0149.JPG" size="1159763" sizeText="1.1 MB" type="image"></image>
    <image kind="image" src="images/IMG_0149.JPG" srcURL="images/IMG_0149.JPG" srcname="IMG_0149.JPG" size="1159763" sizeText="1.1 MB" type="image" width="2048" height="1536"></image>
    <image kind="thumbnail" src="thumbnails/IMG_0149.jpg" srcURL="thumbnails/IMG_0149.jpg" srcname="IMG_0149.jpg" size="30157" sizeText="29.5 KB" type="image" width="300" height="225"></image>
  </photo>
  <photo name="Ironwork" date="2010-08-16T10:57:37Z" id="6252959746825898354">
    <image kind="original" src="originals/IMG_0152.JPG" srcURL="originals/IMG_0152.JPG" srcname="IMG_0152.JPG" size="1453696" sizeText="1.4 MB" type="image"></image>
    <image kind="image" src="images/IMG_0152.JPG" srcURL="images/IMG_0152.JPG" srcname="IMG_0152.JPG" size="1453696" sizeText="1.4 MB" type="image" width="2048" height="1536"></image>
    <image kind="thumbnail" src="thumbnails/IMG_0152.jpg" srcURL="thumbnails/IMG_0152.jpg" srcname="IMG_0152.jpg" size="37731" sizeText="36.8 KB" type="image" width="300" height="225"></image>
  </photo>
  <photo name="Drain Pipe" date="2010-08-16T11:12:46Z" id="65442339131697131899">
    <image kind="original" src="originals/IMG_0156.JPG" srcURL="originals/IMG_0156.JPG" srcname="IMG_0156.JPG" size="1635811" sizeText="1.6 MB" type="image"></image>
    <image kind="image" src="images/IMG_0156.jpg" srcURL="images/IMG_0156.jpg" srcname="IMG_0156.jpg" size="1746298" sizeText="1.7 MB" type="image" width="1536" height="2048"></image>
    <image kind="thumbnail" src="thumbnails/IMG_0156.jpg" srcURL="thumbnails/IMG_0156.jpg" srcname="IMG_0156.jpg" size="38554" sizeText="37.7 KB" type="image" width="225" height="300"></image>
  </photo>
  <photo name="Kibble Palace" date="2010-08-16T10:46:33Z" id="713955766067916300168">
    <comment>
      <p>Originally built as a conservatory for a private home, Kibble Palace was moved to the Botanic Gardens in 1872. After 130 years of sterling service, it was beautifully restored over a three year period between 2003 and 2006.</p>
    </comment>
    <image kind="original" src="originals/IMG_0125.JPG" srcURL="originals/IMG_0125.JPG" srcname="IMG_0125.JPG" size="899231" sizeText="0.9 MB" type="image"></image>
    <image kind="image" src="images/IMG_0125.JPG" srcURL="images/IMG_0125.JPG" srcname="IMG_0125.JPG" size="899231" sizeText="0.9 MB" type="image" width="2048" height="1536"></image>
    <image kind="thumbnail" src="thumbnails/IMG_0125.jpg" srcURL="thumbnails/IMG_0125.jpg" srcname="IMG_0125.jpg" size="17851" sizeText="17.4 KB" type="image" width="300" height="225"></image>
  </photo>
  <photo name="Sundial" date="2010-08-16T10:47:30Z" id="716245101894383175045">
    <image kind="original" src="originals/IMG_0127.JPG" srcURL="originals/IMG_0127.JPG" srcname="IMG_0127.JPG" size="1286179" sizeText="1.2 MB" type="image"></image>
    <image kind="image" src="images/IMG_0127.jpg" srcURL="images/IMG_0127.jpg" srcname="IMG_0127.jpg" size="1345909" sizeText="1.3 MB" type="image" width="1536" height="2048"></image>
    <image kind="thumbnail" src="thumbnails/IMG_0127.jpg" srcURL="thumbnails/IMG_0127.jpg" srcname="IMG_0127.jpg" size="27228" sizeText="26.6 KB" type="image" width="225" height="300"></image>
  </photo>
  <photo name="Flower Beds" date="2010-08-16T10:48:15Z" id="73320466108841760573">
    <image kind="original" src="originals/IMG_0130.JPG" srcURL="originals/IMG_0130.JPG" srcname="IMG_0130.JPG" size="1587108" sizeText="1.5 MB" type="image"></image>
    <image kind="image" src="images/IMG_0130.JPG" srcURL="images/IMG_0130.JPG" srcname="IMG_0130.JPG" size="1587108" sizeText="1.5 MB" type="image" width="2048" height="1536"></image>
    <image kind="thumbnail" src="thumbnails/IMG_0130.jpg" srcURL="thumbnails/IMG_0130.jpg" srcname="IMG_0130.jpg" size="34807" sizeText="34 KB" type="image" width="300" height="225"></image>
  </photo>
  <photo name="Gate House" date="2010-08-16T10:49:54Z" id="73603534702205544874">
    <image kind="original" src="originals/IMG_0133.JPG" srcURL="originals/IMG_0133.JPG" srcname="IMG_0133.JPG" size="1217139" sizeText="1.2 MB" type="image"></image>
    <image kind="image" src="images/IMG_0133.JPG" srcURL="images/IMG_0133.JPG" srcname="IMG_0133.JPG" size="1217139" sizeText="1.2 MB" type="image" width="2048" height="1536"></image>
    <image kind="thumbnail" src="thumbnails/IMG_0133.jpg" srcURL="thumbnails/IMG_0133.jpg" srcname="IMG_0133.jpg" size="29662" sizeText="29 KB" type="image" width="300" height="225"></image>
  </photo>
  <photo name="Police Box" date="2010-08-16T10:51:23Z" id="77294271919726091079">
    <comment>
      <p>This is one of five police boxes still standing in Glasgow. One little known piece of police box trivia is that Glasgow police boxes were originally painted red.</p>
    </comment>
    <image kind="original" src="originals/IMG_0139.JPG" srcURL="originals/IMG_0139.JPG" srcname="IMG_0139.JPG" size="1120338" sizeText="1 MB" type="image"></image>
    <image kind="image" src="images/IMG_0139.jpg" srcURL="images/IMG_0139.jpg" srcname="IMG_0139.jpg" size="1187702" sizeText="1.1 MB" type="image" width="1536" height="2048"></image>
    <image kind="thumbnail" src="thumbnails/IMG_0139.jpg" srcURL="thumbnails/IMG_0139.jpg" srcname="IMG_0139.jpg" size="27267" sizeText="26.6 KB" type="image" width="225" height="300"></image>
  </photo>
  <photo name="River Kelvin" date="2010-08-16T10:42:05Z" id="713377891346033379028">
    <comment>
      <p>This is the view from Queen Margaret Bridge, looking towards the weir and the ruins of Garrioch Mill.</p>
    </comment>
    <image kind="original" src="originals/IMG_0119.JPG" srcURL="originals/IMG_0119.JPG" srcname="IMG_0119.JPG" size="1003325" sizeText="1 MB" type="image"></image>
    <image kind="image" src="images/IMG_0119.JPG" srcURL="images/IMG_0119.JPG" srcname="IMG_0119.JPG" size="1003325" sizeText="1 MB" type="image" width="2048" height="1536"></image>
    <image kind="thumbnail" src="thumbnails/IMG_0119.jpg" srcURL="thumbnails/IMG_0119.jpg" srcname="IMG_0119.jpg" size="23686" sizeText="23.1 KB" type="image" width="300" height="225"></image>
  </photo>
  <photo name="Former BBC Scotland Headquarters" date="2010-08-16T10:43:47Z" id="76535810854577901309">
    <comment>
      <p>BBC Scotland has since moved to a new building on the South Side, but someone forgot to take down the signage.</p>
    </comment>
    <image kind="original" src="originals/IMG_0122.JPG" srcURL="originals/IMG_0122.JPG" srcname="IMG_0122.JPG" size="793732" sizeText="0.8 MB" type="image"></image>
    <image kind="image" src="images/IMG_0122.jpg" srcURL="images/IMG_0122.jpg" srcname="IMG_0122.jpg" size="820652" sizeText="0.8 MB" type="image" width="1536" height="2048"></image>
    <image kind="thumbnail" src="thumbnails/IMG_0122.jpg" srcURL="thumbnails/IMG_0122.jpg" srcname="IMG_0122.jpg" size="17397" sizeText="17 KB" type="image" width="225" height="300"></image>
  </photo>
  <photo name="Stonework" date="2010-08-16T10:55:50Z" id="712336686527235340985">
    <image kind="original" src="originals/IMG_0149.JPG" srcURL="originals/IMG_0149.JPG" srcname="IMG_0149.JPG" size="1159763" sizeText="1.1 MB" type="image"></image>
    <image kind="image" src="images/IMG_0149.JPG" srcURL="images/IMG_0149.JPG" srcname="IMG_0149.JPG" size="1159763" sizeText="1.1 MB" type="image" width="2048" height="1536"></image>
    <image kind="thumbnail" src="thumbnails/IMG_0149.jpg" srcURL="thumbnails/IMG_0149.jpg" srcname="IMG_0149.jpg" size="30157" sizeText="29.5 KB" type="image" width="300" height="225"></image>
  </photo>
  <photo name="Ironwork" date="2010-08-16T10:57:37Z" id="7252959746825898354">
    <image kind="original" src="originals/IMG_0152.JPG" srcURL="originals/IMG_0152.JPG" srcname="IMG_0152.JPG" size="1453696" sizeText="1.4 MB" type="image"></image>
    <image kind="image" src="images/IMG_0152.JPG" srcURL="images/IMG_0152.JPG" srcname="IMG_0152.JPG" size="1453696" sizeText="1.4 MB" type="image" width="2048" height="1536"></image>
    <image kind="thumbnail" src="thumbnails/IMG_0152.jpg" srcURL="thumbnails/IMG_0152.jpg" srcname="IMG_0152.jpg" size="37731" sizeText="36.8 KB" type="image" width="300" height="225"></image>
  </photo>
  <photo name="Drain Pipe" date="2010-08-16T11:12:46Z" id="75442339131697131899">
    <image kind="original" src="originals/IMG_0156.JPG" srcURL="originals/IMG_0156.JPG" srcname="IMG_0156.JPG" size="1635811" sizeText="1.6 MB" type="image"></image>
    <image kind="image" src="images/IMG_0156.jpg" srcURL="images/IMG_0156.jpg" srcname="IMG_0156.jpg" size="1746298" sizeText="1.7 MB" type="image" width="1536" height="2048"></image>
    <image kind="thumbnail" src="thumbnails/IMG_0156.jpg" srcURL="thumbnails/IMG_0156.jpg" srcname="IMG_0156.jpg" size="38554" sizeText="37.7 KB" type="image" width="225" height="300"></image>
  </photo>
  <photo name="Kibble Palace" date="2010-08-16T10:46:33Z" id="813955766067916300168">
    <comment>
      <p>Originally built as a conservatory for a private home, Kibble Palace was moved to the Botanic Gardens in 1872. After 130 years of sterling service, it was beautifully restored over a three year period between 2003 and 2006.</p>
    </comment>
    <image kind="original" src="originals/IMG_0125.JPG" srcURL="originals/IMG_0125.JPG" srcname="IMG_0125.JPG" size="899231" sizeText="0.9 MB" type="image"></image>
    <image kind="image" src="images/IMG_0125.JPG" srcURL="images/IMG_0125.JPG" srcname="IMG_0125.JPG" size="899231" sizeText="0.9 MB" type="image" width="2048" height="1536"></image>
    <image kind="thumbnail" src="thumbnails/IMG_0125.jpg" srcURL="thumbnails/IMG_0125.jpg" srcname="IMG_0125.jpg" size="17851" sizeText="17.4 KB" type="image" width="300" height="225"></image>
  </photo>
  <photo name="Sundial" date="2010-08-16T10:47:30Z" id="816245101894383175045">
    <image kind="original" src="originals/IMG_0127.JPG" srcURL="originals/IMG_0127.JPG" srcname="IMG_0127.JPG" size="1286179" sizeText="1.2 MB" type="image"></image>
    <image kind="image" src="images/IMG_0127.jpg" srcURL="images/IMG_0127.jpg" srcname="IMG_0127.jpg" size="1345909" sizeText="1.3 MB" type="image" width="1536" height="2048"></image>
    <image kind="thumbnail" src="thumbnails/IMG_0127.jpg" srcURL="thumbnails/IMG_0127.jpg" srcname="IMG_0127.jpg" size="27228" sizeText="26.6 KB" type="image" width="225" height="300"></image>
  </photo>
  <photo name="Flower Beds" date="2010-08-16T10:48:15Z" id="83320466108841760573">
    <image kind="original" src="originals/IMG_0130.JPG" srcURL="originals/IMG_0130.JPG" srcname="IMG_0130.JPG" size="1587108" sizeText="1.5 MB" type="image"></image>
    <image kind="image" src="images/IMG_0130.JPG" srcURL="images/IMG_0130.JPG" srcname="IMG_0130.JPG" size="1587108" sizeText="1.5 MB" type="image" width="2048" height="1536"></image>
    <image kind="thumbnail" src="thumbnails/IMG_0130.jpg" srcURL="thumbnails/IMG_0130.jpg" srcname="IMG_0130.jpg" size="34807" sizeText="34 KB" type="image" width="300" height="225"></image>
  </photo>
  <photo name="Gate House" date="2010-08-16T10:49:54Z" id="83603534702205544874">
    <image kind="original" src="originals/IMG_0133.JPG" srcURL="originals/IMG_0133.JPG" srcname="IMG_0133.JPG" size="1217139" sizeText="1.2 MB" type="image"></image>
    <image kind="image" src="images/IMG_0133.JPG" srcURL="images/IMG_0133.JPG" srcname="IMG_0133.JPG" size="1217139" sizeText="1.2 MB" type="image" width="2048" height="1536"></image>
    <image kind="thumbnail" src="thumbnails/IMG_0133.jpg" srcURL="thumbnails/IMG_0133.jpg" srcname="IMG_0133.jpg" size="29662" sizeText="29 KB" type="image" width="300" height="225"></image>
  </photo>
  <photo name="Police Box" date="2010-08-16T10:51:23Z" id="87294271919726091079">
    <comment>
      <p>This is one of five police boxes still standing in Glasgow. One little known piece of police box trivia is that Glasgow police boxes were originally painted red.</p>
    </comment>
    <image kind="original" src="originals/IMG_0139.JPG" srcURL="originals/IMG_0139.JPG" srcname="IMG_0139.JPG" size="1120338" sizeText="1 MB" type="image"></image>
    <image kind="image" src="images/IMG_0139.jpg" srcURL="images/IMG_0139.jpg" srcname="IMG_0139.jpg" size="1187702" sizeText="1.1 MB" type="image" width="1536" height="2048"></image>
    <image kind="thumbnail" src="thumbnails/IMG_0139.jpg" srcURL="thumbnails/IMG_0139.jpg" srcname="IMG_0139.jpg" size="27267" sizeText="26.6 KB" type="image" width="225" height="300"></image>
  </photo>
  <photo name="River Kelvin" date="2010-08-16T10:42:05Z" id="813377891346033379028">
    <comment>
      <p>This is the view from Queen Margaret Bridge, looking towards the weir and the ruins of Garrioch Mill.</p>
    </comment>
    <image kind="original" src="originals/IMG_0119.JPG" srcURL="originals/IMG_0119.JPG" srcname="IMG_0119.JPG" size="1003325" sizeText="1 MB" type="image"></image>
    <image kind="image" src="images/IMG_0119.JPG" srcURL="images/IMG_0119.JPG" srcname="IMG_0119.JPG" size="1003325" sizeText="1 MB" type="image" width="2048" height="1536"></image>
    <image kind="thumbnail" src="thumbnails/IMG_0119.jpg" srcURL="thumbnails/IMG_0119.jpg" srcname="IMG_0119.jpg" size="23686" sizeText="23.1 KB" type="image" width="300" height="225"></image>
  </photo>
  <photo name="Former BBC Scotland Headquarters" date="2010-08-16T10:43:47Z" id="86535810854577901309">
    <comment>
      <p>BBC Scotland has since moved to a new building on the South Side, but someone forgot to take down the signage.</p>
    </comment>
    <image kind="original" src="originals/IMG_0122.JPG" srcURL="originals/IMG_0122.JPG" srcname="IMG_0122.JPG" size="793732" sizeText="0.8 MB" type="image"></image>
    <image kind="image" src="images/IMG_0122.jpg" srcURL="images/IMG_0122.jpg" srcname="IMG_0122.jpg" size="820652" sizeText="0.8 MB" type="image" width="1536" height="2048"></image>
    <image kind="thumbnail" src="thumbnails/IMG_0122.jpg" srcURL="thumbnails/IMG_0122.jpg" srcname="IMG_0122.jpg" size="17397" sizeText="17 KB" type="image" width="225" height="300"></image>
  </photo>
  <photo name="Stonework" date="2010-08-16T10:55:50Z" id="812336686527235340985">
    <image kind="original" src="originals/IMG_0149.JPG" srcURL="originals/IMG_0149.JPG" srcname="IMG_0149.JPG" size="1159763" sizeText="1.1 MB" type="image"></image>
    <image kind="image" src="images/IMG_0149.JPG" srcURL="images/IMG_0149.JPG" srcname="IMG_0149.JPG" size="1159763" sizeText="1.1 MB" type="image" width="2048" height="1536"></image>
    <image kind="thumbnail" src="thumbnails/IMG_0149.jpg" srcURL="thumbnails/IMG_0149.jpg" srcname="IMG_0149.jpg" size="30157" sizeText="29.5 KB" type="image" width="300" height="225"></image>
  </photo>
  <photo name="Ironwork" date="2010-08-16T10:57:37Z" id="8252959746825898354">
    <image kind="original" src="originals/IMG_0152.JPG" srcURL="originals/IMG_0152.JPG" srcname="IMG_0152.JPG" size="1453696" sizeText="1.4 MB" type="image"></image>
    <image kind="image" src="images/IMG_0152.JPG" srcURL="images/IMG_0152.JPG" srcname="IMG_0152.JPG" size="1453696" sizeText="1.4 MB" type="image" width="2048" height="1536"></image>
    <image kind="thumbnail" src="thumbnails/IMG_0152.jpg" srcURL="thumbnails/IMG_0152.jpg" srcname="IMG_0152.jpg" size="37731" sizeText="36.8 KB" type="image" width="300" height="225"></image>
  </photo>
  <photo name="Drain Pipe" date="2010-08-16T11:12:46Z" id="85442339131697131899">
    <image kind="original" src="originals/IMG_0156.JPG" srcURL="originals/IMG_0156.JPG" srcname="IMG_0156.JPG" size="1635811" sizeText="1.6 MB" type="image"></image>
    <image kind="image" src="images/IMG_0156.jpg" srcURL="images/IMG_0156.jpg" srcname="IMG_0156.jpg" size="1746298" sizeText="1.7 MB" type="image" width="1536" height="2048"></image>
    <image kind="thumbnail" src="thumbnails/IMG_0156.jpg" srcURL="thumbnails/IMG_0156.jpg" srcname="IMG_0156.jpg" size="38554" sizeText="37.7 KB" type="image" width="225" height="300"></image>
  </photo>
  <photo name="Kibble Palace" date="2010-08-16T10:46:33Z" id="913955766067916300168">
    <comment>
      <p>Originally built as a conservatory for a private home, Kibble Palace was moved to the Botanic Gardens in 1872. After 130 years of sterling service, it was beautifully restored over a three year period between 2003 and 2006.</p>
    </comment>
    <image kind="original" src="originals/IMG_0125.JPG" srcURL="originals/IMG_0125.JPG" srcname="IMG_0125.JPG" size="899231" sizeText="0.9 MB" type="image"></image>
    <image kind="image" src="images/IMG_0125.JPG" srcURL="images/IMG_0125.JPG" srcname="IMG_0125.JPG" size="899231" sizeText="0.9 MB" type="image" width="2048" height="1536"></image>
    <image kind="thumbnail" src="thumbnails/IMG_0125.jpg" srcURL="thumbnails/IMG_0125.jpg" srcname="IMG_0125.jpg" size="17851" sizeText="17.4 KB" type="image" width="300" height="225"></image>
  </photo>
  <photo name="Sundial" date="2010-08-16T10:47:30Z" id="916245101894383175045">
    <image kind="original" src="originals/IMG_0127.JPG" srcURL="originals/IMG_0127.JPG" srcname="IMG_0127.JPG" size="1286179" sizeText="1.2 MB" type="image"></image>
    <image kind="image" src="images/IMG_0127.jpg" srcURL="images/IMG_0127.jpg" srcname="IMG_0127.jpg" size="1345909" sizeText="1.3 MB" type="image" width="1536" height="2048"></image>
    <image kind="thumbnail" src="thumbnails/IMG_0127.jpg" srcURL="thumbnails/IMG_0127.jpg" srcname="IMG_0127.jpg" size="27228" sizeText="26.6 KB" type="image" width="225" height="300"></image>
  </photo>
  <photo name="Flower Beds" date="2010-08-16T10:48:15Z" id="93320466108841760573">
    <image kind="original" src="originals/IMG_0130.JPG" srcURL="originals/IMG_0130.JPG" srcname="IMG_0130.JPG" size="1587108" sizeText="1.5 MB" type="image"></image>
    <image kind="image" src="images/IMG_0130.JPG" srcURL="images/IMG_0130.JPG" srcname="IMG_0130.JPG" size="1587108" sizeText="1.5 MB" type="image" width="2048" height="1536"></image>
    <image kind="thumbnail" src="thumbnails/IMG_0130.jpg" srcURL="thumbnails/IMG_0130.jpg" srcname="IMG_0130.jpg" size="34807" sizeText="34 KB" type="image" width="300" height="225"></image>
  </photo>
  <photo name="Gate House" date="2010-08-16T10:49:54Z" id="93603534702205544874">
    <image kind="original" src="originals/IMG_0133.JPG" srcURL="originals/IMG_0133.JPG" srcname="IMG_0133.JPG" size="1217139" sizeText="1.2 MB" type="image"></image>
    <image kind="image" src="images/IMG_0133.JPG" srcURL="images/IMG_0133.JPG" srcname="IMG_0133.JPG" size="1217139" sizeText="1.2 MB" type="image" width="2048" height="1536"></image>
    <image kind="thumbnail" src="thumbnails/IMG_0133.jpg" srcURL="thumbnails/IMG_0133.jpg" srcname="IMG_0133.jpg" size="29662" sizeText="29 KB" type="image" width="300" height="225"></image>
  </photo>
  <photo name="Police Box" date="2010-08-16T10:51:23Z" id="97294271919726091079">
    <comment>
      <p>This is one of five police boxes still standing in Glasgow. One little known piece of police box trivia is that Glasgow police boxes were originally painted red.</p>
    </comment>
    <image kind="original" src="originals/IMG_0139.JPG" srcURL="originals/IMG_0139.JPG" srcname="IMG_0139.JPG" size="1120338" sizeText="1 MB" type="image"></image>
    <image kind="image" src="images/IMG_0139.jpg" srcURL="images/IMG_0139.jpg" srcname="IMG_0139.jpg" size="1187702" sizeText="1.1 MB" type="image" width="1536" height="2048"></image>
    <image kind="thumbnail" src="thumbnails/IMG_0139.jpg" srcURL="thumbnails/IMG_0139.jpg" srcname="IMG_0139.jpg" size="27267" sizeText="26.6 KB" type="image" width="225" height="300"></image>
  </photo>
  <photo name="River Kelvin" date="2010-08-16T10:42:05Z" id="913377891346033379028">
    <comment>
      <p>This is the view from Queen Margaret Bridge, looking towards the weir and the ruins of Garrioch Mill.</p>
    </comment>
    <image kind="original" src="originals/IMG_0119.JPG" srcURL="originals/IMG_0119.JPG" srcname="IMG_0119.JPG" size="1003325" sizeText="1 MB" type="image"></image>
    <image kind="image" src="images/IMG_0119.JPG" srcURL="images/IMG_0119.JPG" srcname="IMG_0119.JPG" size="1003325" sizeText="1 MB" type="image" width="2048" height="1536"></image>
    <image kind="thumbnail" src="thumbnails/IMG_0119.jpg" srcURL="thumbnails/IMG_0119.jpg" srcname="IMG_0119.jpg" size="23686" sizeText="23.1 KB" type="image" width="300" height="225"></image>
  </photo>
  <photo name="Former BBC Scotland Headquarters" date="2010-08-16T10:43:47Z" id="96535810854577901309">
    <comment>
      <p>BBC Scotland has since moved to a new building on the South Side, but someone forgot to take down the signage.</p>
    </comment>
    <image kind="original" src="originals/IMG_0122.JPG" srcURL="originals/IMG_0122.JPG" srcname="IMG_0122.JPG" size="793732" sizeText="0.8 MB" type="image"></image>
    <image kind="image" src="images/IMG_0122.jpg" srcURL="images/IMG_0122.jpg" srcname="IMG_0122.jpg" size="820652" sizeText="0.8 MB" type="image" width="1536" height="2048"></image>
    <image kind="thumbnail" src="thumbnails/IMG_0122.jpg" srcURL="thumbnails/IMG_0122.jpg" srcname="IMG_0122.jpg" size="17397" sizeText="17 KB" type="image" width="225" height="300"></image>
  </photo>
  <photo name="Stonework" date="2010-08-16T10:55:50Z" id="912336686527235340985">
    <image kind="original" src="originals/IMG_0149.JPG" srcURL="originals/IMG_0149.JPG" srcname="IMG_0149.JPG" size="1159763" sizeText="1.1 MB" type="image"></image>
    <image kind="image" src="images/IMG_0149.JPG" srcURL="images/IMG_0149.JPG" srcname="IMG_0149.JPG" size="1159763" sizeText="1.1 MB" type="image" width="2048" height="1536"></image>
    <image kind="thumbnail" src="thumbnails/IMG_0149.jpg" srcURL="thumbnails/IMG_0149.jpg" srcname="IMG_0149.jpg" size="30157" sizeText="29.5 KB" type="image" width="300" height="225"></image>
  </photo>
  <photo name="Ironwork" date="2010-08-16T10:57:37Z" id="9252959746825898354">
    <image kind="original" src="originals/IMG_0152.JPG" srcURL="originals/IMG_0152.JPG" srcname="IMG_0152.JPG" size="1453696" sizeText="1.4 MB" type="image"></image>
    <image kind="image" src="images/IMG_0152.JPG" srcURL="images/IMG_0152.JPG" srcname="IMG_0152.JPG" size="1453696" sizeText="1.4 MB" type="image" width="2048" height="1536"></image>
    <image kind="thumbnail" src="thumbnails/IMG_0152.jpg" srcURL="thumbnails/IMG_0152.jpg" srcname="IMG_0152.jpg" size="37731" sizeText="36.8 KB" type="image" width="300" height="225"></image>
  </photo>
  <photo name="Drain Pipe" date="2010-08-16T11:12:46Z" id="95442339131697131899">
    <image kind="original" src="originals/IMG_0156.JPG" srcURL="originals/IMG_0156.JPG" srcname="IMG_0156.JPG" size="1635811" sizeText="1.6 MB" type="image"></image>
    <image kind="image" src="images/IMG_0156.jpg" srcURL="images/IMG_0156.jpg" srcname="IMG_0156.jpg" size="1746298" sizeText="1.7 MB" type="image" width="1536" height="2048"></image>
    <image kind="thumbnail" src="thumbnails/IMG_0156.jpg" srcURL="thumbnails/IMG_0156.jpg" srcname="IMG_0156.jpg" size="38554" sizeText="37.7 KB" type="image" width="225" height="300"></image>
  </photo>
  <photo name="Kibble Palace" date="2010-08-16T10:46:33Z" id="1013955766067916300168">
    <comment>
      <p>Originally built as a conservatory for a private home, Kibble Palace was moved to the Botanic Gardens in 1872. After 130 years of sterling service, it was beautifully restored over a three year period between 2003 and 2006.</p>
    </comment>
    <image kind="original" src="originals/IMG_0125.JPG" srcURL="originals/IMG_0125.JPG" srcname="IMG_0125.JPG" size="899231" sizeText="0.9 MB" type="image"></image>
    <image kind="image" src="images/IMG_0125.JPG" srcURL="images/IMG_0125.JPG" srcname="IMG_0125.JPG" size="899231" sizeText="0.9 MB" type="image" width="2048" height="1536"></image>
    <image kind="thumbnail" src="thumbnails/IMG_0125.jpg" srcURL="thumbnails/IMG_0125.jpg" srcname="IMG_0125.jpg" size="17851" sizeText="17.4 KB" type="image" width="300" height="225"></image>
  </photo>
  <photo name="Sundial" date="2010-08-16T10:47:30Z" id="1016245101894383175045">
    <image kind="original" src="originals/IMG_0127.JPG" srcURL="originals/IMG_0127.JPG" srcname="IMG_0127.JPG" size="1286179" sizeText="1.2 MB" type="image"></image>
    <image kind="image" src="images/IMG_0127.jpg" srcURL="images/IMG_0127.jpg" srcname="IMG_0127.jpg" size="1345909" sizeText="1.3 MB" type="image" width="1536" height="2048"></image>
    <image kind="thumbnail" src="thumbnails/IMG_0127.jpg" srcURL="thumbnails/IMG_0127.jpg" srcname="IMG_0127.jpg" size="27228" sizeText="26.6 KB" type="image" width="225" height="300"></image>
  </photo>
  <photo name="Flower Beds" date="2010-08-16T10:48:15Z" id="103320466108841760573">
    <image kind="original" src="originals/IMG_0130.JPG" srcURL="originals/IMG_0130.JPG" srcname="IMG_0130.JPG" size="1587108" sizeText="1.5 MB" type="image"></image>
    <image kind="image" src="images/IMG_0130.JPG" srcURL="images/IMG_0130.JPG" srcname="IMG_0130.JPG" size="1587108" sizeText="1.5 MB" type="image" width="2048" height="1536"></image>
    <image kind="thumbnail" src="thumbnails/IMG_0130.jpg" srcURL="thumbnails/IMG_0130.jpg" srcname="IMG_0130.jpg" size="34807" sizeText="34 KB" type="image" width="300" height="225"></image>
  </photo>
  <photo name="Gate House" date="2010-08-16T10:49:54Z" id="103603534702205544874">
    <image kind="original" src="originals/IMG_0133.JPG" srcURL="originals/IMG_0133.JPG" srcname="IMG_0133.JPG" size="1217139" sizeText="1.2 MB" type="image"></image>
    <image kind="image" src="images/IMG_0133.JPG" srcURL="images/IMG_0133.JPG" srcname="IMG_0133.JPG" size="1217139" sizeText="1.2 MB" type="image" width="2048" height="1536"></image>
    <image kind="thumbnail" src="thumbnails/IMG_0133.jpg" srcURL="thumbnails/IMG_0133.jpg" srcname="IMG_0133.jpg" size="29662" sizeText="29 KB" type="image" width="300" height="225"></image>
  </photo>
  <photo name="Police Box" date="2010-08-16T10:51:23Z" id="107294271919726091079">
    <comment>
      <p>This is one of five police boxes still standing in Glasgow. One little known piece of police box trivia is that Glasgow police boxes were originally painted red.</p>
    </comment>
    <image kind="original" src="originals/IMG_0139.JPG" srcURL="originals/IMG_0139.JPG" srcname="IMG_0139.JPG" size="1120338" sizeText="1 MB" type="image"></image>
    <image kind="image" src="images/IMG_0139.jpg" srcURL="images/IMG_0139.jpg" srcname="IMG_0139.jpg" size="1187702" sizeText="1.1 MB" type="image" width="1536" height="2048"></image>
    <image kind="thumbnail" src="thumbnails/IMG_0139.jpg" srcURL="thumbnails/IMG_0139.jpg" srcname="IMG_0139.jpg" size="27267" sizeText="26.6 KB" type="image" width="225" height="300"></image>
  </photo>
  <photo name="River Kelvin" date="2010-08-16T10:42:05Z" id="1013377891346033379028">
    <comment>
      <p>This is the view from Queen Margaret Bridge, looking towards the weir and the ruins of Garrioch Mill.</p>
    </comment>
    <image kind="original" src="originals/IMG_0119.JPG" srcURL="originals/IMG_0119.JPG" srcname="IMG_0119.JPG" size="1003325" sizeText="1 MB" type="image"></image>
    <image kind="image" src="images/IMG_0119.JPG" srcURL="images/IMG_0119.JPG" srcname="IMG_0119.JPG" size="1003325" sizeText="1 MB" type="image" width="2048" height="1536"></image>
    <image kind="thumbnail" src="thumbnails/IMG_0119.jpg" srcURL="thumbnails/IMG_0119.jpg" srcname="IMG_0119.jpg" size="23686" sizeText="23.1 KB" type="image" width="300" height="225"></image>
  </photo>
  <photo name="Former BBC Scotland Headquarters" date="2010-08-16T10:43:47Z" id="106535810854577901309">
    <comment>
      <p>BBC Scotland has since moved to a new building on the South Side, but someone forgot to take down the signage.</p>
    </comment>
    <image kind="original" src="originals/IMG_0122.JPG" srcURL="originals/IMG_0122.JPG" srcname="IMG_0122.JPG" size="793732" sizeText="0.8 MB" type="image"></image>
    <image kind="image" src="images/IMG_0122.jpg" srcURL="images/IMG_0122.jpg" srcname="IMG_0122.jpg" size="820652" sizeText="0.8 MB" type="image" width="1536" height="2048"></image>
    <image kind="thumbnail" src="thumbnails/IMG_0122.jpg" srcURL="thumbnails/IMG_0122.jpg" srcname="IMG_0122.jpg" size="17397" sizeText="17 KB" type="image" width="225" height="300"></image>
  </photo>
  <photo name="Stonework" date="2010-08-16T10:55:50Z" id="1012336686527235340985">
    <image kind="original" src="originals/IMG_0149.JPG" srcURL="originals/IMG_0149.JPG" srcname="IMG_0149.JPG" size="1159763" sizeText="1.1 MB" type="image"></image>
    <image kind="image" src="images/IMG_0149.JPG" srcURL="images/IMG_0149.JPG" srcname="IMG_0149.JPG" size="1159763" sizeText="1.1 MB" type="image" width="2048" height="1536"></image>
    <image kind="thumbnail" src="thumbnails/IMG_0149.jpg" srcURL="thumbnails/IMG_0149.jpg" srcname="IMG_0149.jpg" size="30157" sizeText="29.5 KB" type="image" width="300" height="225"></image>
  </photo>
  <photo name="Ironwork" date="2010-08-16T10:57:37Z" id="10252959746825898354">
    <image kind="original" src="originals/IMG_0152.JPG" srcURL="originals/IMG_0152.JPG" srcname="IMG_0152.JPG" size="1453696" sizeText="1.4 MB" type="image"></image>
    <image kind="image" src="images/IMG_0152.JPG" srcURL="images/IMG_0152.JPG" srcname="IMG_0152.JPG" size="1453696" sizeText="1.4 MB" type="image" width="2048" height="1536"></image>
    <image kind="thumbnail" src="thumbnails/IMG_0152.jpg" srcURL="thumbnails/IMG_0152.jpg" srcname="IMG_0152.jpg" size="37731" sizeText="36.8 KB" type="image" width="300" height="225"></image>
  </photo>
  <photo name="Drain Pipe" date="2010-08-16T11:12:46Z" id="105442339131697131899">
    <image kind="original" src="originals/IMG_0156.JPG" srcURL="originals/IMG_0156.JPG" srcname="IMG_0156.JPG" size="1635811" sizeText="1.6 MB" type="image"></image>
    <image kind="image" src="images/IMG_0156.jpg" srcURL="images/IMG_0156.jpg" srcname="IMG_0156.jpg" size="1746298" sizeText="1.7 MB" type="image" width="1536" height="2048"></image>
    <image kind="thumbnail" src="thumbnails/IMG_0156.jpg" srcURL="thumbnails/IMG_0156.jpg" srcname="IMG_0156.jpg" size="38554" sizeText="37.7 KB" type="image" width="225" height="300"></image>
  </photo>
  <photo name="Kibble Palace" date="2010-08-16T10:46:33Z" id="1113955766067916300168">
    <comment>
      <p>Originally built as a conservatory for a private home, Kibble Palace was moved to the Botanic Gardens in 1872. After 130 years of sterling service, it was beautifully restored over a three year period between 2003 and 2006.</p>
    </comment>
    <image kind="original" src="originals/IMG_0125.JPG" srcURL="originals/IMG_0125.JPG" srcname="IMG_0125.JPG" size="899231" sizeText="0.9 MB" type="image"></image>
    <image kind="image" src="images/IMG_0125.JPG" srcURL="images/IMG_0125.JPG" srcname="IMG_0125.JPG" size="899231" sizeText="0.9 MB" type="image" width="2048" height="1536"></image>
    <image kind="thumbnail" src="thumbnails/IMG_0125.jpg" srcURL="thumbnails/IMG_0125.jpg" srcname="IMG_0125.jpg" size="17851" sizeText="17.4 KB" type="image" width="300" height="225"></image>
  </photo>
  <photo name="Sundial" date="2010-08-16T10:47:30Z" id="1116245101894383175045">
    <image kind="original" src="originals/IMG_0127.JPG" srcURL="originals/IMG_0127.JPG" srcname="IMG_0127.JPG" size="1286179" sizeText="1.2 MB" type="image"></image>
    <image kind="image" src="images/IMG_0127.jpg" srcURL="images/IMG_0127.jpg" srcname="IMG_0127.jpg" size="1345909" sizeText="1.3 MB" type="image" width="1536" height="2048"></image>
    <image kind="thumbnail" src="thumbnails/IMG_0127.jpg" srcURL="thumbnails/IMG_0127.jpg" srcname="IMG_0127.jpg" size="27228" sizeText="26.6 KB" type="image" width="225" height="300"></image>
  </photo>
  <photo name="Flower Beds" date="2010-08-16T10:48:15Z" id="113320466108841760573">
    <image kind="original" src="originals/IMG_0130.JPG" srcURL="originals/IMG_0130.JPG" srcname="IMG_0130.JPG" size="1587108" sizeText="1.5 MB" type="image"></image>
    <image kind="image" src="images/IMG_0130.JPG" srcURL="images/IMG_0130.JPG" srcname="IMG_0130.JPG" size="1587108" sizeText="1.5 MB" type="image" width="2048" height="1536"></image>
    <image kind="thumbnail" src="thumbnails/IMG_0130.jpg" srcURL="thumbnails/IMG_0130.jpg" srcname="IMG_0130.jpg" size="34807" sizeText="34 KB" type="image" width="300" height="225"></image>
  </photo>
  <photo name="Gate House" date="2010-08-16T10:49:54Z" id="113603534702205544874">
    <image kind="original" src="originals/IMG_0133.JPG" srcURL="originals/IMG_0133.JPG" srcname="IMG_0133.JPG" size="1217139" sizeText="1.2 MB" type="image"></image>
    <image kind="image" src="images/IMG_0133.JPG" srcURL="images/IMG_0133.JPG" srcname="IMG_0133.JPG" size="1217139" sizeText="1.2 MB" type="image" width="2048" height="1536"></image>
    <image kind="thumbnail" src="thumbnails/IMG_0133.jpg" srcURL="thumbnails/IMG_0133.jpg" srcname="IMG_0133.jpg" size="29662" sizeText="29 KB" type="image" width="300" height="225"></image>
  </photo>
  <photo name="Police Box" date="2010-08-16T10:51:23Z" id="117294271919726091079">
    <comment>
      <p>This is one of five police boxes still standing in Glasgow. One little known piece of police box trivia is that Glasgow police boxes were originally painted red.</p>
    </comment>
    <image kind="original" src="originals/IMG_0139.JPG" srcURL="originals/IMG_0139.JPG" srcname="IMG_0139.JPG" size="1120338" sizeText="1 MB" type="image"></image>
    <image kind="image" src="images/IMG_0139.jpg" srcURL="images/IMG_0139.jpg" srcname="IMG_0139.jpg" size="1187702" sizeText="1.1 MB" type="image" width="1536" height="2048"></image>
    <image kind="thumbnail" src="thumbnails/IMG_0139.jpg" srcURL="thumbnails/IMG_0139.jpg" srcname="IMG_0139.jpg" size="27267" sizeText="26.6 KB" type="image" width="225" height="300"></image>
  </photo>
  <photo name="River Kelvin" date="2010-08-16T10:42:05Z" id="1113377891346033379028">
    <comment>
      <p>This is the view from Queen Margaret Bridge, looking towards the weir and the ruins of Garrioch Mill.</p>
    </comment>
    <image kind="original" src="originals/IMG_0119.JPG" srcURL="originals/IMG_0119.JPG" srcname="IMG_0119.JPG" size="1003325" sizeText="1 MB" type="image"></image>
    <image kind="image" src="images/IMG_0119.JPG" srcURL="images/IMG_0119.JPG" srcname="IMG_0119.JPG" size="1003325" sizeText="1 MB" type="image" width="2048" height="1536"></image>
    <image kind="thumbnail" src="thumbnails/IMG_0119.jpg" srcURL="thumbnails/IMG_0119.jpg" srcname="IMG_0119.jpg" size="23686" sizeText="23.1 KB" type="image" width="300" height="225"></image>
  </photo>
  <photo name="Former BBC Scotland Headquarters" date="2010-08-16T10:43:47Z" id="116535810854577901309">
    <comment>
      <p>BBC Scotland has since moved to a new building on the South Side, but someone forgot to take down the signage.</p>
    </comment>
    <image kind="original" src="originals/IMG_0122.JPG" srcURL="originals/IMG_0122.JPG" srcname="IMG_0122.JPG" size="793732" sizeText="0.8 MB" type="image"></image>
    <image kind="image" src="images/IMG_0122.jpg" srcURL="images/IMG_0122.jpg" srcname="IMG_0122.jpg" size="820652" sizeText="0.8 MB" type="image" width="1536" height="2048"></image>
    <image kind="thumbnail" src="thumbnails/IMG_0122.jpg" srcURL="thumbnails/IMG_0122.jpg" srcname="IMG_0122.jpg" size="17397" sizeText="17 KB" type="image" width="225" height="300"></image>
  </photo>
  <photo name="Stonework" date="2010-08-16T10:55:50Z" id="1112336686527235340985">
    <image kind="original" src="originals/IMG_0149.JPG" srcURL="originals/IMG_0149.JPG" srcname="IMG_0149.JPG" size="1159763" sizeText="1.1 MB" type="image"></image>
    <image kind="image" src="images/IMG_0149.JPG" srcURL="images/IMG_0149.JPG" srcname="IMG_0149.JPG" size="1159763" sizeText="1.1 MB" type="image" width="2048" height="1536"></image>
    <image kind="thumbnail" src="thumbnails/IMG_0149.jpg" srcURL="thumbnails/IMG_0149.jpg" srcname="IMG_0149.jpg" size="30157" sizeText="29.5 KB" type="image" width="300" height="225"></image>
  </photo>
  <photo name="Ironwork" date="2010-08-16T10:57:37Z" id="11252959746825898354">
    <image kind="original" src="originals/IMG_0152.JPG" srcURL="originals/IMG_0152.JPG" srcname="IMG_0152.JPG" size="1453696" sizeText="1.4 MB" type="image"></image>
    <image kind="image" src="images/IMG_0152.JPG" srcURL="images/IMG_0152.JPG" srcname="IMG_0152.JPG" size="1453696" sizeText="1.4 MB" type="image" width="2048" height="1536"></image>
    <image kind="thumbnail" src="thumbnails/IMG_0152.jpg" srcURL="thumbnails/IMG_0152.jpg" srcname="IMG_0152.jpg" size="37731" sizeText="36.8 KB" type="image" width="300" height="225"></image>
  </photo>
  <photo name="Drain Pipe" date="2010-08-16T11:12:46Z" id="115442339131697131899">
    <image kind="original" src="originals/IMG_0156.JPG" srcURL="originals/IMG_0156.JPG" srcname="IMG_0156.JPG" size="1635811" sizeText="1.6 MB" type="image"></image>
    <image kind="image" src="images/IMG_0156.jpg" srcURL="images/IMG_0156.jpg" srcname="IMG_0156.jpg" size="1746298" sizeText="1.7 MB" type="image" width="1536" height="2048"></image>
    <image kind="thumbnail" src="thumbnails/IMG_0156.jpg" srcURL="thumbnails/IMG_0156.jpg" srcname="IMG_0156.jpg" size="38554" sizeText="37.7 KB" type="image" width="225" height="300"></image>
  </photo>
</album>
