<?xml version="1.0"?>
<album QPhotoXMLVersion="1.0b4" name="Oddballs" date="2010-08-16T13:12:36Z" author="© 2010 Apple Inc. All Rights Reserved." authorURL="http://developer.apple.com">
  <photo name="PNG Support" date="2010-08-16T10:46:33Z" id="13955766067916300168">
    <image kind="image" srcURL="images/IMG_0125.png"></image>
    <image kind="thumbnail" srcURL="thumbnails/IMG_0125.png"></image>
  </photo>
  <photo name="Small Photo" date="2010-08-16T10:46:33Z" id="13955766067916300169">
    <image kind="image" srcURL="images/IMG_0125s.JPG"></image>
    <image kind="thumbnail" srcURL="thumbnails/IMG_0125s.JPG"></image>
  </photo>
</album>
